CREATE DATABASE furama;
USE furama;

ALTER DATABASE furama
CHARACTER SET 'utf8mb4'
COLLATE 'utf8mb4_unicode_ci';

CREATE TABLE vi_tri (
	ma_vi_tri INT,
	ten_vi_tri VARCHAR(45)
);

ALTER TABLE vi_tri
ADD CONSTRAINT PRIMARY KEY (ma_vi_tri);

CREATE TABLE trinh_do (
	ma_trinh_do INT,
	ten_trinh_do VARCHAR(45)
);

ALTER TABLE trinh_do
ADD CONSTRAINT PRIMARY KEY (ma_trinh_do);

CREATE TABLE bo_phan (
	ma_bo_phan INT,
	ten_bo_phan VARCHAR(45)
);

ALTER TABLE bo_phan
ADD CONSTRAINT PRIMARY KEY (ma_bo_phan);

CREATE TABLE nhan_vien (
	ma_nhan_vien INT PRIMARY KEY AUTO_INCREMENT,
	ho_ten_nv VARCHAR(45),
	ngay_sinh_nv DATE,
	so_cmnd_nv VARCHAR(45),
	luong DOUBLE,
	so_dien_thoai_nv VARCHAR(45),
	email_nv VARCHAR(45),
	dia_chi_nv VARCHAR(45),
	ma_vi_tri INT,
	ma_trinh_do INT,
	ma_bo_phan INT,
	FOREIGN KEY (ma_vi_tri) REFERENCES vi_tri (ma_vi_tri),
	FOREIGN KEY (ma_trinh_do) REFERENCES trinh_do (ma_trinh_do),
	FOREIGN KEY (ma_bo_phan) REFERENCES bo_phan (ma_bo_phan)
);

-- ALTER TABLE nhan_vien
-- ADD AUTO_INCREMENT ma_nhan_vien;

CREATE TABLE loai_khach (
	ma_loai_khach INT PRIMARY KEY,
	ten_loai_khach VARCHAR(45)
);

CREATE TABLE khach_hang (
	ma_khach_hang INT PRIMARY KEY AUTO_INCREMENT,
	ma_loai_khach INT,
	ho_ten_kh VARCHAR(45),
	ngay_sinh_kh DATE,
	gioi_tinh BIT DEFAULT 1,
	so_cmnd_kh VARCHAR(45),
	so_dien_thoai_kh VARCHAR(45),
	email_kh VARCHAR(45),
	dia_chi_kh VARCHAR(45),
	FOREIGN KEY (ma_loai_khach) REFERENCES loai_khach (ma_loai_khach)
);

CREATE TABLE kieu_thue (
	ma_kieu_thue INT PRIMARY KEY,
	ten_kieu_thue VARCHAR(45)
);

CREATE TABLE loai_dich_vu (
	ma_loai_dich_vu INT PRIMARY KEY,
	ten_loai_dịch_vu VARCHAR(45)
);

ALTER TABLE loai_dich_vu
CHANGE ten_loai_dịch_vu ten_loai_dich_vu VARCHAR(45);

CREATE TABLE dich_vu (
	ma_dich_vu INT PRIMARY KEY AUTO_INCREMENT,
	ten_dich_vu VARCHAR(45),
	dien_tich INT,
	chi_phi_thue DOUBLE,
	so_nguoi_toi_da INT,
	ma_kieu_thue INT,
	ma_loai_dich_vu INT,
	tieu_chuan_phong VARCHAR(45),
	mo_ta_tien_nghi_khac VARCHAR(45),
	dien_tich_ho_boi DOUBLE,
	so_tang INT,
	FOREIGN KEY (ma_kieu_thue) REFERENCES kieu_thue (ma_kieu_thue),
	FOREIGN KEY (ma_loai_dich_vu) REFERENCES loai_dich_vu (ma_loai_dich_vu)
);

CREATE TABLE hop_dong (
	ma_hop_dong INT PRIMARY KEY AUTO_INCREMENT,
	ngay_lam_hop_dong DATETIME,
	ngay_ket_thuc DATETIME,
	tien_dat_coc DOUBLE,
	ma_nhan_vien INT,
	ma_khach_hang INT,
	ma_dich_vu INT,
	FOREIGN KEY (ma_nhan_vien) REFERENCES nhan_vien (ma_nhan_vien),
	FOREIGN KEY (ma_khach_hang) REFERENCES khach_hang (ma_khach_hang),
	FOREIGN KEY (ma_dich_vu) REFERENCES dich_vu (ma_dich_vu)
);

CREATE TABLE dich_vu_di_kem (
	ma_dich_vu_di_kem INT PRIMARY KEY,
	ten_dich_vu_di_kem VARCHAR(45),
	gia DOUBLE,
	don_vi VARCHAR(45),
	trang_thai VARCHAR(45)
);

CREATE TABLE hop_dong_chi_tiet (
	ma_hop_dong_chi_tiet INT PRIMARY KEY,
	ma_hop_dong INT,
	ma_dich_vu_di_kem INT,
	FOREIGN KEY (ma_hop_dong) REFERENCES hop_dong (ma_hop_dong),
	FOREIGN KEY (ma_dich_vu_di_kem) REFERENCES dich_vu_di_kem (ma_dich_vu_di_kem)
);

INSERT INTO vi_tri (ma_vi_tri, ten_vi_tri)
VALUES
	(1,'Giam doc'),
	(2,'Quan ly'),
	(3,'Giam sat'),
	(4,'Chuyen vien'),
	(5,'Phuc vu'),
	(6,'Le tan');

INSERT INTO trinh_do (ma_trinh_do, ten_trinh_do)
VALUES
	(1,'Sau dai hoc'),
	(2,'Dai hoc'),
	(3,'Cao dang'),
	(4,'Trung cap');

INSERT INTO bo_phan (ma_bo_phan, ten_bo_phan)
VALUES
	(1,'Sale – Marketing'),
	(2,'Hanh chinh'),
	(3,'Phuc vu'),
	(4,'Quan ly');
	
INSERT INTO loai_khach (ma_loai_khach, ten_loai_khach)
values
	(1,'Diamond'),
	(2,'Platinium'),
	(3,'Gold'),
	(4,'Silver'),
	(5,'Member');
	
INSERT INTO dich_vu_di_kem (ma_dich_vu_di_kem, ten_dich_vu_di_kem, gia, don_vi, trang_thai)
VALUES
	(1,'massage',800000,'gio','abcd'),
	(2,'karaoke',500000,'gio','efgh'),
	(3,'thức ăn',100000,'suat','ijkl'),
	(4,'nước uống',30000,'suat','mnpq'),
	(5,'thuê xe di chuyển tham quan resort',150000,'gio','xyz');
	
INSERT INTO loai_dich_vu (ma_loai_dich_vu, ten_loai_dich_vu)
VALUES
	(1,'Villa'),
	(2,'House'),
	(3,'Room');
	
INSERT INTO nhan_vien (
	ho_ten_nv, ngay_sinh_nv, so_cmnd_nv, luong, so_dien_thoai_nv, email_nv, dia_chi_nv, ma_vi_tri, ma_trinh_do, ma_bo_phan)
VALUES
	('Tran Vinh Phuoc','1990-10-6','9590091580',16000000,'39479925861','sda@gmail.com','Quang Binh',3,3,4),
	('Pham Tuan','1981-2-26','3082159841',14000000,'92308259983','hbi@gmail.com','Ha Tinh',4,4,3),
	('Nguyen Thi Dung','2003-9-25','8551030074',16000000,'61166123209','vbf@gmail.com','Quang Nam',3,3,4),
	('Hoang Thi Anh Loan','1991-5-13','8893485394',14000000,'41648387935','phf@gmail.com','Quang Nam',4,3,1),
	('Nguyen Van Ninh','1991-3-31','4265142701',18000000,'65722066032','vzo@gmail.com','Nam Dinh',2,4,3),
	('Pham Tan Huy','1998-2-10','5394508707',16000000,'21808681383','jat@gmail.com','Da Nang',3,1,3),
	('Truong Nguyen Khai','1990-12-26','2033286509',14000000,'52667584435','tfh@gmail.com','Nghe An',4,3,2),
	('Huynh Khanh Toan','1998-8-2','6004558401',20000000,'65198487577','iny@gmail.com','Quang Tri',1,3,3),
	('Huynh Nguyen Anh','2004-7-9','3028709976',16000000,'77625788763','slg@gmail.com','Thanh Hoa',3,1,4),
	('Le Van Hung','1983-12-6','9716234556',10000000,'93800135605','fii@gmail.com','Ha Noi',6,4,2),
	('Nguyen Van Hoa','2004-3-22','1988472139',18000000,'31685686412','rtn@gmail.com','Thua Thien Hue',2,3,3),
	('Le Vinh An','1993-7-15','5565846072',12000000,'28141444854','opo@gmail.com','Da Nang',5,4,3),
	('Le Van Tuong','1983-5-14','4025302216',18000000,'79521963225','gnm@gmail.com','Quang Nam',2,2,2),
	('Huynh Nguyen Anh','1998-12-1','5105295020',16000000,'56501634103','cte@gmail.com','Da Nang',3,4,1),
	('Vu Thi Thuy Dung','1996-9-3','1369200154',14000000,'49814471837','sfl@gmail.com','Da nang',4,3,3),
	('Khuong Quoc Phap','1996-8-27','8518853191',12000000,'67322254414','fnh@gmail.com','Nam Dinh',5,4,4),
	('Nguyen Thi Minh Thao','1996-10-4','4077413900',10000000,'95654423085','afy@gmail.com','Phu Yen',6,1,4),
	('Dinh Van Hien','2003-6-3','8240957586',14000000,'25403627870','wcc@gmail.com','Binh Thuan',4,3,4),
	('Hoang Thi Thao Vy','1994-3-29','6851670424',14000000,'93837531789','mnn@gmail.com','Quang Nam',4,1,1),
	('Tran Minh Tuan','2002-6-4','1575528577',20000000,'68376047376','jup@gmail.com','Da Nang',1,1,1),
	('Hoang Anh Tung','1984-7-19','2182255720',12000000,'55858726383','gxd@gmail.com','Nghe An',5,3,3),
	('Le Thi Thu Suong','1985-6-4','2991837009',12000000,'31024162997','jzu@gmail.com','Quang Nam',5,2,2),
	('Nguyen Thi Kim Cuc','1994-1-29','4368753390',20000000,'85177412012','sly@gmail.com','Ninh Thuan',1,4,4),
	('Dinh Thi Ha','1989-1-8','4223797153',10000000,'96836254003','vcp@gmail.com','Da Nang',6,1,2),
	('Nguyen Thi Thu Ha','2002-12-17','7502975487',12000000,'84415190994','fmf@gmail.com','Da Nang',5,3,4),
	('Doan Thi Kim Ly','1999-3-25','3212279886',10000000,'22297924976','hkj@gmail.com',' Quang Nam',6,1,4),
	('Tran Thi Diem Tram','1986-3-6','5708446700',10000000,'38179079963','buq@gmail.com','Da Nang',6,1,4),
	('Nguyen Thi Hoa','1996-2-2','2710308288',16000000,'69370431035','jwx@gmail.com','Nghe An',3,3,3),
	('Tran Tram Anh','2003-2-1','2121311721',16000000,'45751121033','xej@gmail.com','Da Nang',3,3,2),
	('Nguyen Thi My Kim','1982-4-25','7526859128',10000000,'82174310309','fwo@gmail.com','Quang Nam',6,3,2),
	('Nguyen Thi Hong Van','2001-11-28','9727319689',20000000,'63466275270','owx@gmail.com','Quang Nam',1,3,4),
	('Le Hoang Thang','1980-3-29','7106294586',12000000,'92210214666','fbu@gmail.com','Da Nang',5,3,1),
	('Pham Van Tuan','1992-10-29','9862979758',14000000,'16718643635','vax@gmail.com',' Ha Tinh',4,4,1),
	('Le Thi Dung','1980-7-24','6626006191',14000000,'68003525567','ykn@gmail.com','Da Nang',4,3,4),
	('Truong Nguyen Khai','1988-10-16','5932019453',18000000,'55378032169','aon@gmail.com','Da Nang',2,2,4),
	('Nguyen Van Ninh','1996-7-14','6132304490',12000000,'38981003093','wbt@gmail.com','Nam Dinh',5,4,3),
	('Do Thi Thuy Trang','1991-4-23','4001249074',10000000,'85739122317','wac@gmail.com','Gia Lai',6,3,4),
	('Huynh Nguyen Anh Toan','1995-9-20','3114442447',10000000,'79878903940','bzx@gmail.com',' Ho Chi Minh',6,2,4),
	('Nguyen Tan Vu','1998-1-7','4844631047',20000000,'85231147909','agj@gmail.com','Da Nang',1,1,3),
	('Hoang Son Bao','1981-4-15','9713798157',12000000,'13902815996','tsy@gmail.com','Da Nang',5,4,3),
	('Nguyen Manh Ha','1980-4-3','5813721768',18000000,'87303686357','gmt@gmail.com','Ho Chi Minh',2,1,3),
	('Vo Xuan Quang','1996-6-16','9761667442',12000000,'75126644606','igo@gmail.com','Binh doan 12',5,4,4),
	('Bui Van Dai','1990-8-16','2319292640',12000000,'12031130251','vkb@gmail.com','Da Nang',5,2,2),
	('Dinh Van Tam','1980-5-14','3677372009',20000000,'75319356693','nnw@gmail.com','Da Nang',1,3,2),
	('Nguyen Thi Hanh','1993-7-22','1547129802',14000000,'95985937969','iua@gmail.com','Hai Phong',4,3,3),
	('Nguyen Thi Thao','1996-8-21','3373130690',20000000,'13445188704','hno@gmail.com','Quang Nam',1,2,1),
	('Le Ba Tiep','2000-7-23','3245208530',10000000,'77608878200','qiz@gmail.com','Quang Tri',6,3,3),
	('Hoang Thi Anh Loan','1987-8-12','5379012405',10000000,'67476098761','nwm@gmail.com','Quang Nam',6,2,1),
	('Nguyen Huynh Nhu Tu','1995-7-25','7528301294',10000000,'16444105846','rms@gmail.com','Da Nang',6,2,1),
	('Nguyen Thi Kim Thuy','1992-2-17','3929833613',12000000,'66799777013','vxg@gmail.com','Da Nang',5,1,2);
	
INSERT INTO nhan_vien (
	ho_ten_nv, ngay_sinh_nv, so_cmnd_nv, luong, so_dien_thoai_nv, email_nv, dia_chi_nv, ma_vi_tri, ma_trinh_do, ma_bo_phan)
VALUES
	('NV chua lap HD nao','1990-1-6','0000000000',30000000,'00000000000','zzz@gmail.com','#### ####',3,3,4);

UPDATE nhan_vien
SET ho_ten_nv = 'Nguyen Anh Hung'
WHERE ma_nhan_vien = 9;

INSERT INTO kieu_thue(ma_kieu_thue, ten_kieu_thue)
VALUES
	(1,'theo nam'),
	(2,'theo thang'),
	(3,'theo ngay'),
	(4,'theo gio');

INSERT INTO khach_hang (
	ma_loai_khach, ho_ten_kh, ngay_sinh_kh, gioi_tinh, so_cmnd_kh, so_dien_thoai_kh, email_kh, dia_chi_kh)
VALUES
	(4,'Khuong Tat Chien','1997-10-30',1,'4022266704','57240962422','lht@gmail.com','Ha Noi'),
	(5,'Le Van Hung','1985-7-21',1,'9197860584','91024938665','apv@gmail.com','Quang Nam'),
	(2,'Tran Huy Lam','2001-4-2',0,'6240650571','62268152219','yzb@gmail.com','Gia Lai'),
	(5,'Tran Van Dat','1983-10-13',0,'8828380010','94628618408','znx@gmail.com','Dak Lak'),
	(2,'Nguyen Canh Tho','1984-5-11',0,'9097634767','44038408966','oby@gmail.com','Quang Nam'),
	(4,'Chuong Van Thanh','1986-8-16',1,'5110826388','65986722779','rwa@gmail.com','Dak Nong'),
	(2,'Nguyen Duy Khanh','1996-10-26',0,'7132510752','39000275631','kwq@gmail.com','Vinh Phuc'),
	(3,'Kieu Tien Ly','1995-12-16',1,'1322861595','34780483682','ywx@gmail.com','Gia Lai'),
	(2,'Tran Van Dao','2001-1-12',1,'6216580555','69829291128','zsn@gmail.com','Nam Dinh'),
	(3,'Ly Minh Thai','1996-3-5',0,'4387077830','33623502283','wec@gmail.com','Quang Tri'),
	(2,'Pham Tan','1982-9-1',1,'8557305013','51818704435','lnh@gmail.com','Yen Bai'),
	(5,'Phan Van Ung','1999-2-27',1,'5420657488','51170240484','rmz@gmail.com','Phu Yen'),
	(3,'Luu Viet Hai','1981-6-19',0,'1680316474','19405241071','qwk@gmail.com',' Dak Nong'),
	(2,'Pham Huu Vu','1988-10-14',0,'3661768496','87273227964','lem@gmail.com','Quang Tri'),
	(5,'Hoang Ngoc Thanh','1987-1-23',0,'4740167981','85019666827','bzc@gmail.com','Thua Thien Hue'),
	(3,'Ho Thi Cua','1982-2-1',0,'4771298795','50939520096','rrd@gmail.com','Dak Lak'),
	(4,'Dang Van Khoe','1987-7-25',1,'8847132565','24555424464','akd@gmail.com','Bac Ninh'),
	(1,'Nguyen Quoc Chinh','2000-5-15',1,'6487659518','28896713818','uic@gmail.com','Dak Lak'),
	(5,'Nguyen Cuong Thanh Hieu','1984-6-20',1,'1821792049','38686313700','iuw@gmail.com','Thua Thien Hue'),
	(1,'Phan Van Tuu','1983-4-7',0,'8754906753','17990315128','jxv@gmail.com','Thua Thien Hue'),
	(1,'Nguyen Duy Quang','2004-1-11',0,'4594571958','68180566025','ypz@gmail.com','Lam Dong'),
	(5,'Hoang Ngoc Hung','2004-4-9',0,'5986134860','76848659819','jvj@gmail.com','Thanh Hoa'),
	(3,'Nguyen Hai Thang','1991-2-13',1,'2709209897','43719979600','dfr@gmail.com','Gia Lai'),
	(2,'Do Van Thi','1981-9-8',0,'1784395765','91692055735','yfk@gmail.com','Nam Dinh'),
	(4,'Nguyen Quang Dao','2002-3-15',1,'5804942157','27491032509','rvw@gmail.com','Thai Binh'),
	(2,'Tran Van Thoai','1990-10-24',0,'5502817938','63199778365','mgy@gmail.com','Nam Dinh'),
	(5,'Nguyen Dang Hoa','1998-2-14',0,'9475526937','39969021469','mnx@gmail.com','Quang Nam'),
	(4,'Nguyen Binh Thanh','1997-5-14',1,'1151371576','40823995534','jfr@gmail.com','Da Nang'),
	(4,'Do Quang Thuan','1999-9-1',1,'3745878846','29871218536','ztc@gmail.com','Bac Ninh'),
	(2,'Huynh Cam','1990-11-19',0,'6937129313','66248782490','pha@gmail.com','Thua Thien Hue'),
	(3,'Doan Xuan Nhat','1983-9-26',1,'8057849269','36713892914','seo@gmail.com','Quang Binh'),
	(3,'Tran Van Nghia','1982-11-2',0,'1787749048','84779004912','bro@gmail.com','Nghe An'),
	(5,'Nguyen Xuan Thuc','1983-11-16',0,'8500395029','19275636222','rrt@gmail.com','Da Nang'),
	(3,'Doan Van Vu','2000-5-2',1,'2890321276','37048830107','acj@gmail.com','Dak Lak'),
	(4,'Nguyen Tien Dung','1990-10-30',1,'3836974101','64610681962','dhc@gmail.com','Nam Dinh'),
	(5,'Nguyen Van Si','1989-7-24',0,'5146137344','75351640437','mef@gmail.com','Quang Nam'),
	(5,'Tran Cong Duc','2003-4-17',0,'6391867455','17964764636','isq@gmail.com','Quang Nam'),
	(2,'Che Quang Khe','1984-10-20',1,'2553245798','21024067483','gyf@gmail.com','Thua Thien Hue'),
	(5,'Dang Quang Thanh','1993-7-2',1,'2953690843','42960149233','des@gmail.com','Thua Thien Hue'),
	(4,'Ho Sy Hung','1994-9-16',0,'2219403951','43363551252','sko@gmail.com','Quang Tri'),
	(4,'Truong Hoang Giang','2000-2-6',1,'2535806115','89775310707','udh@gmail.com','Quang Tri'),
	(4,'Luong Van Hau','1989-4-4',0,'7672769512','95975320924','uwx@gmail.com','Da Nang'),
	(1,'Nguyen Van Thin','1993-1-5',1,'9805104414','21517115981','ngd@gmail.com','Da Nang'),
	(4,'Phan Thi Thuy','1993-9-12',1,'3998348960','13369919912','dro@gmail.com','Quang Nam'),
	(1,'Vu Van Son','1986-1-25',0,'6341008853','91264636144','jlt@gmail.com','Bac Giang'),
	(1,'Nguyen Huu Vien','1990-5-18',0,'6377322257','87124229394','eyk@gmail.com','Da Nang'),
	(1,'Cao Xuan Truong','1987-10-15',0,'1730941608','24724889186','vli@gmail.com','Phu Yen'),
	(1,'Tran Xuan Lam','1984-11-11',1,'3403907920','81155871575','soz@gmail.com','Dak Lak'),
	(4,'Mai Van Thanh','1990-1-26',1,'9355077069','60904802583','sgd@gmail.com','Nga Son'),
	(3,'Mai Ngoc Nhien','1982-5-28',1,'7756675248','20448075602','wnc@gmail.com','Da Nang'),
	(4,'Hoang Minh Hieu','1983-5-7',0,'5800361640','60761458744','zvc@gmail.com','Quang Binh'),
	(3,'Nguyen Van Hoi','2003-8-30',0,'8113383730','75823635852','plh@gmail.com','Thua Thien Hue'),
	(2,'Truong Thi Thanh','2001-9-30',0,'4107007381','94788504910','oqe@gmail.com','Da Nang'),
	(5,'Tran Van Tan','1988-11-28',0,'8093861422','91069997020','ucf@gmail.com','Da Nang'),
	(4,'Nguyen Minh Thang','1983-12-26',1,'5541955167','33715688954','nkl@gmail.com',' Binh Dinh'),
	(1,'Khuong Van Thu','1995-3-24',1,'7348921911','93076004266','yfc@gmail.com','Nam Dinh'),
	(4,'Ho Sy Hiep','1993-4-19',1,'6511270892','13250219772','wll@gmail.com','Quang Tri'),
	(3,'Le Huu Phuoc','2003-4-30',0,'4950436730','73406821955','ced@gmail.com','Quang Ngai'),
	(4,'Trinh Duy Linh','1995-5-14',0,'5243669332','75212425946','wjm@gmail.com','Da Nang'),
	(1,'Le Tien Duc','1997-5-31',0,'4542721606','31901563761','jsr@gmail.com','Ha Tinh'),
	(3,'Nguyen Ngoc Thai','2004-9-14',0,'5069620096','90680337782','yie@gmail.com','Dong Thap'),
	(2,'Nguyen Duc Vinh','1987-4-29',1,'5199011365','97610588791','fek@gmail.com','Quang Nam'),
	(2,'Le Trung Thanh','1996-11-6',0,'6246542159','63138991279','mrc@gmail.com','Quang Binh'),
	(2,'Truong Khac Thuyet','1993-6-26',1,'6440499582','36287542145','abx@gmail.com','Da Nang'),
	(4,'Nguyen Ngoc Hoan','1992-11-23',0,'3892941854','17119604097','xmd@gmail.com','Lang Son'),
	(3,'Nguyen Van Quang','1996-2-3',0,'8507186693','42660096221','ayv@gmail.com','Quang Nam'),
	(2,'Le Tan Tai','1994-6-19',0,'9638512424','39299382273','apx@gmail.com','Thua Thien Hue'),
	(1,'Ngo Van Hung','1995-6-7',1,'2127441029','64873690855','ovm@gmail.com','Da Nang'),
	(2,'Mai Binh Trinh','1980-11-8',0,'6455275635','57880049216','pie@gmail.com','Hue'),
	(5,'Truong Duy Tien','2004-3-14',0,'3165344440','96616208289','hyv@gmail.com','Thua Thien Hue'),
	(2,'Nguyen Anh Dung','1999-11-4',1,'9929318024','39286415059','rlk@gmail.com','Da Nang'),
	(5,'Nguyen Van Nien','1997-8-17',0,'5858445987','70591048723','vkk@gmail.com','Nghe An'),
	(1,'Tran Nhan Phong','1999-12-11',1,'9488896954','12112662085','fcd@gmail.com','Hung Yen'),
	(2,'Ngo Van Vien Anh','1994-4-20',1,'7192320104','85078990683','mry@gmail.com','Quang nam'),
	(1,'Khuong Minh Nghi','1986-4-6',1,'3406294601','29578327194','kbv@gmail.com','Da Nang'),
	(3,'Phan Van Truong','1982-9-13',1,'7139812558','63174669045','gwh@gmail.com','Quang Tri'),
	(2,'Thai Van Hung','2001-8-21',0,'8923631804','77885120238','eew@gmail.com','Nghe An'),
	(2,'Nguyen Thac Minh','1990-11-8',1,'7653628083','51222212837','php@gmail.com',' Da Nang'),
	(1,'Vo Ngoc Thanh','1997-8-23',1,'6433376418','55683048598','fzw@gmail.com','Quang Nam'),
	(4,'Nguyen Van Thuc','1985-5-9',1,'1758928211','15842753067','ato@gmail.com','Da Nang'),
	(5,'Nguyen Duc Hanh','1986-8-27',0,'2843003929','48188629132','stn@gmail.com','Da Nang'),
	(2,'Nguyen Anh Linh','2004-7-13',0,'4600382514','96272293340','jly@gmail.com','Quang Nam'),
	(1,'Nguyen Thanh Hung','1996-10-12',0,'5651095082','32549808865','ejx@gmail.com','Gia Lai'),
	(3,'Pham Ngoc Tinh','1997-3-17',1,'2196217738','97883414535','dcd@gmail.com','Quang Binh'),
	(1,'Hoang Duong Anh Tung','1996-3-23',0,'3669538911','19421506394','zco@gmail.com','Lang Son'),
	(1,'Huynh Mung','1983-5-1',1,'2722750298','33001757439','kfx@gmail.com','Thua Thien Hue'),
	(3,'Pham Van Dat','1997-6-8',1,'6749321133','59743968147','jmp@gmail.com','Quang Nam'),
	(4,'Nguyen Van Vinh','1987-1-1',1,'4048380538','60747837486','lji@gmail.com','Thua Thien Hue'),
	(3,'Tran Xuan Thai','1982-6-15',0,'3805895097','14321548346','aic@gmail.com','Nam Dinh'),
	(2,'Nguyen Tri Son','1999-2-18',1,'5629689444','22368549776','jfj@gmail.com','Gia Lai'),
	(2,'Nguyen Xuan Quang','1981-3-20',1,'2334664375','92198567675','iio@gmail.com','Quang Nam'),
	(1,'Huynh Minh Phuoc','1994-6-4',0,'4333926683','37648245036','qpw@gmail.com','Quang Nam'),
	(2,'Hoang Cong Kinh','1986-12-29',0,'6898367233','92473674903','kpr@gmail.com','Quang Tri'),
	(2,'Nguyen Van Thien','1998-2-2',1,'3782742443','94730985300','pqz@gmail.com','Quang Nam'),
	(3,'Pham Dinh Quang','1981-2-15',0,'6947346860','22265532294','ehk@gmail.com','Quang Nam'),
	(1,'Nguyen Ba Trung','1981-8-10',0,'9886005837','95243612189','uul@gmail.com','Thua Thien Hue'),
	(1,'Truong Van Nghia','1982-8-23',0,'2081343003','72062520066','hlx@gmail.com','Quang Nam'),
	(4,'Nguyen Thanh Hai','1994-5-7',0,'7002379993','11684712071','myk@gmail.com','Quang Nam'),
	(4,'Le Hoai Vu','1988-1-26',0,'9690719941','92551832419','qpr@gmail.com','Da Nang'),
	(4,'Pham Van Tuy','1983-1-25',1,'9444991344','27512488869','pnx@gmail.com','Ha Nam Ninh'),
	(5,'Nguyen Van Cam','1990-8-8',0,'5864285300','42775951990','dax@gmail.com','Thua Thien Hue'),
	(5,'Lai Van Trung','1988-10-4',0,'7586566620','69819097325','xgq@gmail.com','Nam Dinh'),
	(2,'Nguyen Thanh Tam','1990-4-14',0,'5687389200','93207232603','efv@gmail.com','Quang Tri'),
	(2,'Le Trung Kien','2001-6-13',0,'6645958892','39204469562','fjg@gmail.com','Quang Tri'),
	(3,'Nguyen Tat Son','2000-7-18',1,'7518946690','29426363074','swi@gmail.com','Quang Tri'),
	(5,'Do Hong Quang','1990-10-23',0,'3589984168','75633031597','hwj@gmail.com','Da Nang'),
	(4,'Le Thanh Son','1997-5-6',1,'6556250806','87231667581','gpw@gmail.com','Da Nang'),
	(2,'Tran Dung','1997-1-3',0,'2492318439','20156319222','sxj@gmail.com','Nghe An'),
	(3,'Hoang Van Nhat','1997-6-20',0,'1882818771','61785568895','qml@gmail.com','Quang Tri'),
	(2,'Doan Khac Kien','2004-5-7',1,'4456494872','77956190149','tao@gmail.com','Da Nang'),
	(2,'Ho Quang Them','2003-4-17',0,'8697002432','88113449039','nhv@gmail.com','Dak Lak'),
	(3,'Tran Van Lanh','1994-1-25',1,'4425223624','96562615013','cli@gmail.com','Quang Binh'),
	(1,'Truong Van Sy','2000-3-7',0,'5137375750','26296750032','yho@gmail.com','Quang Binh'),
	(3,'Phan Van Quoc','2003-6-10',0,'1845786751','41891010902','hig@gmail.com','Quang Nam'),
	(3,'Nguyen Van Nghia','1992-2-16',1,'3327529967','79969407290','srp@gmail.com','Quang Binh'),
	(5,'Nguyen Van Ly','1982-4-7',0,'6413106581','17799684779','wwj@gmail.com','Ca Mau'),
	(1,'Nguyen Van Linh','2003-10-22',1,'8908054188','16821773769','iib@gmail.com','Thua Thien Hue'),
	(4,'Doan Ngoc Loc','1984-12-26',0,'6631499527','34686597946','qzo@gmail.com','Quang Nam'),
	(2,'Nguyen Duy Han','1986-9-12',0,'8198578994','53433914846','qlj@gmail.com','Gia Lai'),
	(3,'Mai Thanh Ba','1992-2-8',0,'9142713712','93306039167','pyq@gmail.com','Nam Dinh'),
	(5,'Tran Quang Dung','1982-10-16',0,'3008328758','52825774498','qlf@gmail.com','Ha Tinh'),
	(1,'Mai Van Doanh','2002-6-10',1,'1234495003','31743122669','akk@gmail.com','Ninh Binh'),
	(3,'Le Van Vu','1997-7-4',1,'1465748286','95117000219','kyn@gmail.com','Quang Tri'),
	(3,'Pham Tan Huy','1993-7-17',0,'5943664249','64654234302','jpq@gmail.com','Da Nang'),
	(5,'Tran Ngan Vinh','1993-4-30',1,'1388618367','95210743011','dja@gmail.com','Quang Nam'),
	(4,'Nguyen Van Thuan','2003-7-24',1,'5957983756','30403955135','lfg@gmail.com','Binh Dinh'),
	(1,'Dang Thi Dieu Anh','1997-4-7',0,'1263128737','58338494087','upd@gmail.com','Thua Thien Hue'),
	(2,'Hoang Anh Tung','1986-12-18',0,'3150660904','38274391950','xsi@gmail.com','Nghe An'),
	(3,'Bui Duc Mung','1989-8-8',1,'2961229091','15451734022','asd@gmail.com','Quang Tri'),
	(3,'Dinh Van Toan','1995-8-3',0,'9763496895','66496167654','ggb@gmail.com','Dak Lak'),
	(5,'Tran Thi Kim Thoa','1986-12-19',0,'7655408139','38984046468','hui@gmail.com','Da Nang'),
	(1,'Nguyen To Hieu','1985-9-1',1,'2052922201','31788636270','hpm@gmail.com','Da Nang'),
	(4,'Tran Cong Chuc','2002-3-17',1,'8002406357','68747182574','ill@gmail.com','Quang Nam'),
	(2,'Le Ngoc Hoa','1980-2-3',1,'1611679597','41496242916','grc@gmail.com','Ca Mau'),
	(1,'Le Ngoc Hai','1996-2-1',0,'6114035445','92060927081','ovh@gmail.com','Quang Tri'),
	(5,'Nguyen Thanh Dong','1987-2-14',1,'2587299764','91415971100','ynv@gmail.com','Tien Giang'),
	(1,'Huynh Cong Vu','1980-7-22',1,'6453197445','36901492997','opz@gmail.com','Thua Thien Hue'),
	(5,'Phan Viet Ha','1982-12-1',0,'4915187572','82935240472','wnr@gmail.com','Quang Tri'),
	(5,'Nguyen Thanh Phu','1995-3-30',0,'5395939471','55931874021','ltu@gmail.com','Quang Nam'),
	(3,'Pham Thi Dong Phuong','1985-11-12',1,'6996165115','77465166678','fhe@gmail.com','Thua Thien Hue'),
	(4,'Huynh Dinh Duy','1985-4-23',0,'8807773031','94201093150','yag@gmail.com','Thua Thien Hue'),
	(3,'Ton Nu Thi Be','1991-3-9',1,'6791872099','76956645720','emx@gmail.com','Thua Thien Hue'),
	(1,'Dinh Van Nhat','1992-7-11',0,'3429297755','80508450568','fnh@gmail.com','Dak Nong'),
	(4,'Nguyen Thi Kieu','1991-1-3',1,'9587028461','37050325799','cto@gmail.com','Quang Tri'),
	(4,'Le Xuan Trinh','1984-12-19',0,'9965344929','98129669357','cpp@gmail.com','Da Nang'),
	(2,'Tuong Quoc Le','1986-8-4',0,'1475056027','52699481468','xza@gmail.com','Quang Nam'),
	(3,'Tran Thi Kim Cuc','1989-11-19',0,'4048320253','88242168130','puz@gmail.com','Da Nang'),
	(5,'Doan Tran Vu','1996-11-26',1,'1167010161','18200121006','ies@gmail.com','Da Nang'),
	(3,'Cao Ngoc My','1985-1-18',1,'5627789848','87837110218','lmu@gmail.com','Quang Nam'),
	(1,'Vo Van Khoai','1982-7-21',1,'2965475466','93661372567','yrl@gmail.com','Nghe An'),
	(1,'Dang Van Loc','1995-11-2',1,'2383178922','19741704729','zoa@gmail.com','Binh Dinh'),
	(5,'Tran Thanh Tan','2000-12-23',0,'6473093156','47902020435','yqg@gmail.com','Binh Dinh'),
	(2,'Doan Anh Vu','2002-7-28',0,'4675669221','65043668379','eqm@gmail.com','Quang Ngai'),
	(3,'Nguyen Ba Da Tuong','1982-10-18',0,'7414250203','99386928836','eqj@gmail.com','Soc Trang'),
	(4,'Nguyen Duc Hoa','1985-7-6',1,'6753547437','69112605577','hrn@gmail.com','Da Nang'),
	(1,'Nguyen Truong','2002-10-28',1,'7298365291','84735635818','ojw@gmail.com','Ha Noi'),
	(3,'Pham Ngoc Quoc','1995-9-28',0,'6767117635','92078599054','xok@gmail.com','Quang Nam'),
	(2,'Huynh Nhat Truong','1998-4-8',1,'7679142829','20318186644','uhr@gmail.com','Quang Nam'),
	(3,'Nguyen Hai Quan','1989-1-25',1,'2976757507','28626711258','csy@gmail.com','Da Nang'),
	(3,'Le Ngoc Son','1982-4-29',0,'9504296888','41037584818','wzx@gmail.com','Quang Nam'),
	(4,'Dinh Thanh Duy','2000-8-30',1,'9579529779','86115229537','fxg@gmail.com','Quang Nam'),
	(3,'Nguyen Thi My Lan','1986-8-17',1,'5947394050','45110344190','grw@gmail.com','Binh Phuoc'),
	(1,'Nguyen Van Tien','1980-9-19',1,'1200076181','42517492593','rcu@gmail.com','Thua Thien Hue'),
	(3,'Vo Van Phu','1988-4-20',1,'2513624167','34039433276','nwk@gmail.com','Quang Ngai'),
	(5,'Ly Quang Tue','1998-6-12',0,'4896914856','29631001594','nwh@gmail.com','Quang Tri'),
	(3,'Tran Quoc Toan','1990-3-10',1,'4161512746','42737698916','ukn@gmail.com','Binh Dinh'),
	(3,'Vo Thanh Trong','2003-1-20',1,'1417933766','44676359983','vyo@gmail.com','Quang Nam'),
	(2,'Nguyen Dinh Minh','1980-7-7',1,'9172067416','64041919700','rtc@gmail.com','Quang Tri'),
	(5,'Nguyen Van Linh 2','1995-2-18',0,'3918197985','54303956840','ced@gmail.com','Quang Nam'),
	(3,'Nguyen Van Lam','1997-3-2',0,'3844702623','95960868165','bdm@gmail.com','Thanh Hoa'),
	(2,'Doan Van Minh','2003-6-23',0,'7412498770','21273711663','gal@gmail.com','Hau Giang'),
	(5,'Nguyen Ba Giap','2003-12-25',1,'5838501946','87062556732','tbq@gmail.com','Nghe An'),
	(1,'Dang Vu','1991-6-28',1,'1580583984','37616889070','wsc@gmail.com','Da Nang'),
	(5,'Van Thi Thu Hoai','2000-12-22',1,'3520726662','84879961234','ykz@gmail.com','Da Nang'),
	(5,'Nguyen Van Xuan','1980-12-21',0,'9218360075','11218771617','zcf@gmail.com','Da Nang'),
	(3,'Nguyen Cong Chinh','1998-2-10',0,'3408251831','89648578738','vrv@gmail.com','Lam Dong'),
	(5,'Nguyen Van Binh','1987-6-16',1,'2915522794','56369758877','pgt@gmail.com','Thua Thien Hue'),
	(4,'Nguyen Phong Chuong','2001-2-25',0,'4871712784','86688312108','ott@gmail.com','Quang Binh'),
	(2,'Nguyen Minh Trieu','1984-3-13',0,'6098913332','19861616383','aon@gmail.com','Da Nang'),
	(3,'Phan Van Thu','2001-10-3',0,'3340400075','62748043954','qyr@gmail.com','TP HCM'),
	(1,'Dang Van Thiet','1993-6-29',1,'2397685395','98905096699','mzp@gmail.com','Da Nang'),
	(1,'Tran Viet Doan','1987-12-8',0,'9213956088','73344912413','sli@gmail.com','Thua Thien Hue'),
	(2,'Nguyen Minh','1980-3-19',1,'8584463173','11589731526','bgq@gmail.com','Thua Thien Hue'),
	(1,'Ho Sy Quang','1992-10-24',1,'9078863957','93183205484','mdr@gmail.com','Nghe An'),
	(5,'Luong Van Thanh','1990-2-16',0,'8850885695','66978092075','amr@gmail.com','Nghe An'),
	(4,'Phan Van Loi','1987-8-5',0,'5198133411','76939188873','afy@gmail.com','Thua Thien Hue'),
	(2,'Le Viet San','1998-8-11',1,'2398822561','55294281060','xnf@gmail.com','Quang Tri'),
	(2,'Ho Quang Thanh','1984-2-12',0,'8871526494','43654435997','cmj@gmail.com','Thua Thien Hue'),
	(1,'Nguyen Phi Hung','1981-12-14',1,'2044099487','44255574859','vqm@gmail.com','Quang Binh'),
	(4,'Nguyen Van Quoc','1991-1-3',1,'7581865421','12645422845','ago@gmail.com','Quang Tri'),
	(3,'Tran Huu Bong','1991-4-23',1,'3422680428','70038683149','rie@gmail.com','Da Nang'),
	(2,'Hoang Quoc Vu','1993-10-10',1,'2349535448','32249749911','ige@gmail.com','Da Nang'),
	(5,'Tran Thanh Hai','1982-7-11',0,'4098118811','39270386847','vdm@gmail.com','Quang Nam'),
	(2,'Le Ngoc Ha','2004-11-23',1,'6249564822','17939588124','huh@gmail.com','Quang Nam'),
	(1,'Tran Quang Dung 2','2004-1-6',0,'1979651042','18101006239','vzl@gmail.com','Can Tho'),
	(2,'Vo Quoc Toan','2000-9-24',0,'5811734886','91176338915','vjc@gmail.com','Da Nang'),
	(2,'Nguyen Van Trong','2003-10-24',1,'2255818028','87200156033','cfx@gmail.com','Thua Thien Hue'),
	(4,'Vo Cong Duan','1989-8-5',1,'6402131118','98009628161','xlt@gmail.com','Quang Binh'),
	(3,'Phan Ngoc','1998-7-27',0,'3938102020','40177572701','tbg@gmail.com','Quang Nam'),
	(5,'Dao Thanh Giang','1996-8-24',0,'3855028269','29727115785','lcc@gmail.com','Da Nang'),
	(5,'Hoang Cong Hoan','2004-5-16',1,'5423730685','71221126765','yht@gmail.com','Quang Binh'),
	(1,'Le Tan Phuc','1984-8-21',0,'4992693971','63134820286','nek@gmail.com','Gia Lai'),
	(5,'Nguyen Thanh Lich','1999-11-5',1,'3363383041','85709110345','nhu@gmail.com','Binh Dinh'),
	(4,'Do Viet Tuan','1998-7-14',0,'4531675436','78104418542','udr@gmail.com','Thua Thien Hue'),
	(2,'Phan Thanh Tuan','2004-10-7',1,'3366748952','16731245512','ddu@gmail.com','Quang Nam'),
	(1,'Tran Nguyen Chanh','2003-6-29',0,'2822932144','78979177124','vgh@gmail.com','Quang Nam'),
	(4,'Nguyen Khanh','2002-7-7',0,'3295105953','75110094550','owo@gmail.com','Quang Nam'),
	(2,'Cao Tien Viet','2004-8-18',1,'3770204916','53178293566','aos@gmail.com','Da Nang'),
	(3,'Pham Van Quyen','1997-2-7',0,'5041770567','75070864754','aaf@gmail.com','Quang Nam'),
	(1,'Bui Duc Son','1998-11-17',1,'1556197356','25524803571','hoe@gmail.com','Da Nang'),
	(5,'Chau Ngoc Long','1991-8-4',1,'2522947252','86522289772','wpc@gmail.com','Quang Nam'),
	(5,'Nguyen Minh Hieu','2000-10-7',1,'6400037788','25764545434','mbk@gmail.com','Tra Vinh'),
	(5,'Ho Sy Ngoc','1986-12-11',0,'5161099974','46116613243','eyc@gmail.com','Quang Tri'),
	(2,'Vo Van Nguyen','1981-6-27',0,'5908958663','44379135291','yhu@gmail.com','Thua Thien Hue'),
	(5,'Tran Quang Dung 3','1985-4-25',0,'9901939979','61475396182','lku@gmail.com','Thua Thien Hue'),
	(2,'Le Kim Lu','1995-10-27',0,'4414438201','99744738914','oym@gmail.com','Thua Thien Hue'),
	(3,'Tran Quang Hieu','1999-8-22',1,'3532141585','68513116879','wtq@gmail.com','Thua Thien Hue'),
	(2,'Ho Huy Hoang','1999-8-12',1,'2491213168','40737891795','con@gmail.com','Binh Dinh'),
	(4,'Trinh Viet Nhan','1993-3-7',0,'7147809084','86341758076','grf@gmail.com','Binh Dinh'),
	(5,'Nguyen Xuan Vu','1999-2-16',1,'5741812212','36503003434','ldy@gmail.com','Da Nang'),
	(5,'Tran Viet Bon','1984-10-21',1,'3805808165','94865177841','kdr@gmail.com','Da Nang'),
	(5,'Tran Ngoc Hai','1998-2-16',0,'9565917293','33302123855','xwx@gmail.com','Quang Binh'),
	(4,'Phan Xuan Chau','1996-5-24',1,'3063031824','16486797729','gvp@gmail.com','Ha Tinh');
	
INSERT INTO khach_hang (
	ma_loai_khach, ho_ten_kh, ngay_sinh_kh, gioi_tinh, so_cmnd_kh, so_dien_thoai_kh, email_kh, dia_chi_kh)
VALUES
	(5,'Khach khong dat hang',NULL,1,NULL,NULL,NULL,NULL);
	
INSERT INTO khach_hang (
	ma_loai_khach, ho_ten_kh, ngay_sinh_kh, gioi_tinh, so_cmnd_kh, so_dien_thoai_kh, email_kh, dia_chi_kh)
VALUES
	(3,'Khach hang trung ten',NULL,0,NULL,NULL,NULL,NULL),
	(5,'Khach hang trung ten',NULL,1,NULL,NULL,NULL,NULL);
	
UPDATE khach_hang
SET dia_chi_kh = 'Quang Ngai'
WHERE ma_khach_hang = 187;
	
UPDATE khach_hang
SET ma_loai_khach = 1
WHERE ma_khach_hang = 187;
	
INSERT INTO dich_vu (
	ma_dich_vu, ten_dich_vu, dien_tich, chi_phi_thue, so_nguoi_toi_da, ma_kieu_thue, ma_loai_dich_vu, tieu_chuan_phong,
	mo_ta_tien_nghi_khac, dien_tich_ho_boi, so_tang)
VALUES
	(1,'Villa 01',83,5438000,15,3,1,'kal','tqyaqhgepzjc',63,4),
	(2,'Villa 02',87,9275000,10,2,1,'lqm','inpzmxxhydum',53,3),
	(3,'Villa 03',90,3528000,17,4,1,'ldw','czgtxprdftlb',83,1),
	(4,'Villa 04',77,4021000,3,3,1,'syo','tvhihuircoxz',73,3),
	(5,'Villa 05',40,2243000,20,2,1,'ntj','mxvmvemaromg',89,1),
	(6,'Villa 06',61,2007000,20,4,1,'dkh','nzpssrjyrhgc',69,2),
	(7,'Villa 07',93,1959000,17,4,1,'yvt','mzzqymyydnbj',70,4),
	(8,'Villa 08',87,8562000,5,3,1,'kma','ihmxojgjdfaa',87,4),
	(9,'Villa 09',72,7272000,6,1,1,'sal','zyfwjxqiuctd',71,1),
	(10,'Villa 10',93,5521000,7,4,1,'nbg','bdazoactbbfq',78,3),
	(11,'Villa 11',43,7456000,4,4,1,'hbt','fyhzvkfrwthv',65,4),
	(12,'Villa 12',57,1770000,1,2,1,'lyb','phcmmicelfhz',85,4),
	(13,'Villa 13',50,5994000,18,3,1,'ape','wqvwcmsdsfag',98,4),
	(14,'Villa 14',55,8629000,9,2,1,'zqg','mrcyttbmwvwk',44,2),
	(15,'Villa 15',74,8087000,6,3,1,'fss','ngtepsaqsxex',65,1),
	(16,'Villa 16',45,5773000,14,3,1,'uue','ptwynqwvnmdd',82,4),
	(17,'Villa 17',67,3312000,13,2,1,'mka','dwzqcxdyjrsi',51,3),
	(18,'Villa 18',83,9034000,1,3,1,'xko','vgmcrfgefnhr',53,2),
	(19,'Villa 19',69,1731000,17,2,1,'snq','rffaivmisuvw',51,3),
	(20,'Villa 20',52,2003000,6,1,1,'ozk','xenyowqwrtgt',76,2),
	(21,'House 01',43,3120000,1,1,2,'xzx','hymremnanudj',NULL,3),
	(22,'House 02',75,4686000,18,2,2,'dtd','sbrzyitesgoo',NULL,4),
	(23,'House 03',78,8862000,10,4,2,'igj','qyvtyjlkeecx',NULL,1),
	(24,'House 04',66,6385000,16,3,2,'oqj','drfgydabnawl',NULL,3),
	(25,'House 05',46,7949000,17,3,2,'tld','zwqemwyxpwci',NULL,3),
	(26,'House 06',48,5452000,1,4,2,'neq','cqtsrmybsgge',NULL,1),
	(27,'House 07',70,5398000,7,2,2,'fzy','jxsloxwhlony',NULL,3),
	(28,'House 08',46,6534000,4,2,2,'ubb','ecxyxahkevls',NULL,2),
	(29,'House 09',54,9667000,20,1,2,'aba','pdyebhacmhba',NULL,4),
	(30,'House 10',99,5322000,7,4,2,'cqo','qosoniidjhvt',NULL,4),
	(31,'House 11',91,8028000,8,1,2,'atf','vyrfsrzmpdpo',NULL,3),
	(32,'House 12',77,2297000,13,2,2,'ayw','rkgozuelvbxl',NULL,4),
	(33,'House 13',75,5349000,15,4,2,'sxu','eebkvfsfkbay',NULL,3),
	(34,'House 14',87,5076000,5,4,2,'ugz','wuxpqkkqgslx',NULL,4),
	(35,'House 15',46,2575000,15,1,2,'fcg','mdpgzhcjbdxy',NULL,3),
	(36,'House 16',93,3600000,6,2,2,'kfm','fagtnlfeyijv',NULL,3),
	(37,'House 17',67,6030000,14,1,2,'vid','zyvnxeqdxawh',NULL,3),
	(38,'House 18',72,9784000,18,4,2,'srr','plhzontqafju',NULL,4),
	(39,'House 19',53,9694000,13,3,2,'kvl','wtgjbxgibqsw',NULL,4),
	(40,'House 20',60,2756000,20,4,2,'dis','nbzxmkkeghvh',NULL,1),
	(41,'Room 01',100,3303000,11,1,3,NULL,NULL,NULL,NULL),
	(42,'Room 02',81,6783000,3,1,3,NULL,NULL,NULL,NULL),
	(43,'Room 03',46,9552000,4,2,3,NULL,NULL,NULL,NULL),
	(44,'Room 04',82,9005000,13,3,3,NULL,NULL,NULL,NULL),
	(45,'Room 05',51,4756000,13,1,3,NULL,NULL,NULL,NULL),
	(46,'Room 06',76,3953000,10,2,3,NULL,NULL,NULL,NULL),
	(47,'Room 07',74,2693000,2,2,3,NULL,NULL,NULL,NULL),
	(48,'Room 08',61,1202000,9,2,3,NULL,NULL,NULL,NULL),
	(49,'Room 09',76,4348000,13,2,3,NULL,NULL,NULL,NULL),
	(50,'Room 10',99,1118000,11,2,3,NULL,NULL,NULL,NULL),
	(51,'Room 11',100,5383000,14,3,3,NULL,NULL,NULL,NULL),
	(52,'Room 12',61,3004000,4,4,3,NULL,NULL,NULL,NULL),
	(53,'Room 13',78,7738000,4,2,3,NULL,NULL,NULL,NULL),
	(54,'Room 14',72,7202000,19,4,3,NULL,NULL,NULL,NULL),
	(55,'Room 15',76,8919000,20,4,3,NULL,NULL,NULL,NULL),
	(56,'Room 16',100,6397000,15,2,3,NULL,NULL,NULL,NULL),
	(57,'Room 17',88,4290000,3,2,3,NULL,NULL,NULL,NULL),
	(58,'Room 18',40,8003000,12,1,3,NULL,NULL,NULL,NULL),
	(59,'Room 19',72,2740000,13,4,3,NULL,NULL,NULL,NULL),
	(60,'Room 20',68,1126000,19,2,3,NULL,NULL,NULL,NULL);
	
INSERT INTO dich_vu (
	ma_dich_vu, ten_dich_vu, dien_tich, chi_phi_thue, so_nguoi_toi_da, ma_kieu_thue, ma_loai_dich_vu, tieu_chuan_phong,
	mo_ta_tien_nghi_khac, dien_tich_ho_boi, so_tang)
VALUES
	(61,'Khong duoc dung',83,1000000,1,1,1,NULL,NULL,1,1);

INSERT INTO hop_dong(
	ma_hop_dong, ngay_lam_hop_dong, ngay_ket_thuc, tien_dat_coc, ma_nhan_vien, ma_khach_hang, ma_dich_vu)
VALUES
	(1,'2023-2-28','2023-7-25',10289000,47,66,18),
	(2,'2020-10-7','2021-3-19',6725000,45,133,38),
	(3,'2016-10-29','2017-11-1',6826000,8,69,27),
	(4,'2022-12-26','2023-12-12',15609000,22,135,50),
	(5,'2017-3-19','2017-8-5',5705000,37,27,20),
	(6,'2022-10-9','2022-10-29',1334000,17,23,24),
	(7,'2020-5-27','2020-7-7',2525000,44,97,3),
	(8,'2019-5-15','2020-5-2',7112000,38,3,30),
	(9,'2015-7-31','2016-3-31',16423000,4,111,55),
	(10,'2017-3-16','2017-5-11',17793000,39,164,40),
	(11,'2016-9-9','2017-8-25',11786000,35,88,30),
	(12,'2015-4-13','2015-11-20',17485000,18,53,46),
	(13,'2019-8-14','2019-10-13',6766000,11,80,39),
	(14,'2015-7-2','2015-7-19',18958000,22,43,17),
	(15,'2019-12-23','2020-5-20',8774000,44,7,3),
	(16,'2020-3-5','2020-9-6',5144000,48,44,55),
	(17,'2022-8-22','2023-5-10',13333000,47,184,31),
	(18,'2017-8-28','2018-6-20',7534000,26,127,15),
	(19,'2023-4-16','2023-9-26',3841000,35,118,43),
	(20,'2019-10-24','2020-6-14',16777000,33,3,15),
	(21,'2022-7-3','2022-7-27',5364000,49,157,13),
	(22,'2016-8-12','2017-2-1',14258000,2,181,19),
	(23,'2019-3-6','2019-8-29',15183000,15,182,57),
	(24,'2018-10-27','2018-11-15',18139000,11,125,33),
	(25,'2018-9-12','2019-5-25',4209000,23,208,46),
	(26,'2020-5-5','2020-11-27',14422000,18,219,33),
	(27,'2022-8-29','2023-4-20',2421000,36,212,46),
	(28,'2018-7-16','2019-6-15',16652000,10,159,43),
	(29,'2020-8-27','2021-4-22',13809000,24,101,19),
	(30,'2020-7-13','2021-8-10',13000000,1,119,41),
	(31,'2018-5-24','2018-8-31',18690000,27,97,42),
	(32,'2015-4-7','2015-5-15',12536000,1,65,12),
	(33,'2015-6-22','2016-7-21',16210000,10,9,37),
	(34,'2018-10-16','2019-6-29',19681000,20,119,7),
	(35,'2019-8-1','2019-8-24',19311000,13,21,37),
	(36,'2022-6-14','2023-6-14',17643000,22,169,16),
	(37,'2019-1-14','2019-10-20',15756000,12,223,60),
	(38,'2022-6-12','2023-2-20',19711000,41,70,24),
	(39,'2018-6-18','2019-3-14',14692000,29,50,22),
	(40,'2021-10-18','2022-10-24',19187000,20,53,12),
	(41,'2019-5-6','2020-2-9',14845000,47,222,31),
	(42,'2016-12-14','2017-10-18',13953000,8,10,28),
	(43,'2015-7-10','2016-7-4',6915000,50,203,31),
	(44,'2020-6-23','2021-2-19',10400000,14,167,14),
	(45,'2019-11-6','2020-2-23',1979000,49,98,14),
	(46,'2020-10-2','2021-1-12',18822000,1,205,25),
	(47,'2021-2-15','2021-12-7',9871000,9,115,18),
	(48,'2018-7-17','2018-9-10',10195000,20,41,3),
	(49,'2017-5-28','2017-6-13',5089000,42,64,23),
	(50,'2016-5-12','2016-8-28',1222000,40,86,14),
	(51,'2022-11-20','2023-12-14',8654000,25,67,53),
	(52,'2019-12-25','2020-11-8',2456000,26,112,15),
	(53,'2016-5-16','2017-2-10',19066000,43,162,32),
	(54,'2021-2-14','2021-3-11',15419000,44,85,46),
	(55,'2017-5-5','2018-1-17',11638000,12,71,43),
	(56,'2015-8-12','2016-4-18',10377000,35,40,53),
	(57,'2020-12-8','2021-10-30',17176000,23,128,13),
	(58,'2022-1-8','2022-9-17',12203000,30,9,13),
	(59,'2015-4-26','2015-6-12',1564000,13,11,50),
	(60,'2017-10-22','2017-12-7',17393000,7,96,49),
	(61,'2017-2-11','2017-8-6',12143000,26,195,18),
	(62,'2020-9-20','2021-7-31',7072000,49,94,7),
	(63,'2018-11-2','2019-6-2',5936000,35,140,57),
	(64,'2017-10-9','2018-5-7',15284000,48,157,34),
	(65,'2022-2-5','2022-11-12',9964000,26,144,41),
	(66,'2016-6-7','2017-3-23',10712000,38,151,58),
	(67,'2022-1-29','2022-11-30',12028000,5,218,31),
	(68,'2019-1-19','2019-9-7',5811000,25,51,31),
	(69,'2017-11-6','2017-12-9',6854000,28,3,10),
	(70,'2019-10-18','2020-4-28',9125000,13,114,8),
	(71,'2017-12-2','2018-8-31',14491000,1,2,10),
	(72,'2022-3-3','2023-1-20',3612000,11,159,25),
	(73,'2019-4-3','2019-6-3',8156000,46,82,33),
	(74,'2016-1-19','2016-2-18',13965000,6,53,8),
	(75,'2022-2-15','2022-5-11',13288000,18,220,47),
	(76,'2022-1-19','2023-2-6',7641000,11,130,17),
	(77,'2017-10-5','2018-7-16',17147000,20,52,36),
	(78,'2020-11-1','2021-1-3',9442000,4,113,31),
	(79,'2019-1-16','2019-11-25',1451000,26,40,42),
	(80,'2021-11-8','2022-2-26',17261000,35,189,24),
	(81,'2018-9-24','2019-7-26',5284000,48,30,57),
	(82,'2018-6-22','2018-11-29',5729000,33,3,59),
	(83,'2021-3-15','2021-10-16',5204000,30,223,22),
	(84,'2021-11-10','2021-12-2',5694000,47,103,22),
	(85,'2015-7-7','2016-7-26',7867000,28,208,51),
	(86,'2020-2-19','2020-3-25',16191000,27,152,8),
	(87,'2021-1-26','2021-5-21',15185000,20,100,44),
	(88,'2015-12-11','2016-2-18',7432000,47,35,50),
	(89,'2017-10-2','2017-11-30',12185000,34,52,25),
	(90,'2022-1-22','2022-9-13',2553000,15,157,54),
	(91,'2023-3-12','2023-12-5',13703000,5,212,18),
	(92,'2015-10-15','2016-7-28',10393000,2,88,51),
	(93,'2015-4-18','2015-8-16',11403000,1,41,39),
	(94,'2016-1-22','2016-5-10',16296000,41,8,8),
	(95,'2023-4-10','2024-2-7',17944000,1,209,8),
	(96,'2016-1-29','2016-2-9',6676000,22,121,19),
	(97,'2017-7-15','2018-8-17',17434000,15,18,39),
	(98,'2020-9-12','2021-2-22',5887000,28,5,19),
	(99,'2021-11-3','2022-12-7',8371000,39,62,48),
	(100,'2021-10-31','2022-6-8',11285000,1,39,23),
	(101,'2015-11-30','2016-12-2',2765000,4,29,20),
	(102,'2015-12-16','2016-1-20',18733000,15,15,38),
	(103,'2021-1-17','2021-11-24',13534000,43,218,17),
	(104,'2022-6-19','2022-7-22',13402000,25,26,18),
	(105,'2015-5-4','2016-1-17',16303000,19,71,58),
	(106,'2021-4-22','2021-10-17',13982000,31,188,39),
	(107,'2021-11-15','2022-9-1',19500000,6,167,51),
	(108,'2022-7-20','2023-1-4',3652000,17,86,31),
	(109,'2019-2-16','2020-2-16',8706000,49,36,55),
	(110,'2018-10-26','2018-11-27',5836000,12,7,51),
	(111,'2016-12-22','2017-5-17',18373000,3,129,5),
	(112,'2021-12-29','2022-8-28',4494000,17,120,27),
	(113,'2019-1-16','2019-5-24',13814000,35,198,2),
	(114,'2022-10-7','2023-1-23',1120000,17,211,21),
	(115,'2022-12-2','2023-10-22',6195000,7,38,21),
	(116,'2016-1-12','2016-4-7',14796000,10,90,3),
	(117,'2015-8-26','2016-5-12',17764000,45,160,3),
	(118,'2015-8-1','2015-12-17',4578000,20,123,30),
	(119,'2020-7-28','2021-4-20',6519000,30,109,36),
	(120,'2022-10-14','2023-2-27',15850000,33,219,2),
	(121,'2016-12-17','2017-6-29',12087000,4,144,26),
	(122,'2022-10-1','2023-4-14',15553000,44,174,28),
	(123,'2016-6-28','2016-10-28',12279000,45,6,31),
	(124,'2016-5-23','2017-4-23',18589000,39,115,42),
	(125,'2022-1-26','2022-9-14',14207000,34,82,47),
	(126,'2022-2-23','2023-2-1',15998000,50,58,25),
	(127,'2017-11-30','2018-1-15',18956000,44,131,52),
	(128,'2021-6-30','2021-8-27',2161000,32,171,22),
	(129,'2021-11-27','2022-4-7',16713000,28,184,4),
	(130,'2021-2-13','2021-10-26',11893000,26,12,16),
	(131,'2022-3-13','2022-5-26',13368000,12,213,37),
	(132,'2020-5-26','2021-6-5',3316000,4,74,2),
	(133,'2015-5-14','2015-12-29',13668000,34,83,12),
	(134,'2018-7-19','2019-1-26',17480000,13,205,10),
	(135,'2016-3-24','2016-6-18',17447000,37,160,47),
	(136,'2022-11-13','2023-3-31',13480000,30,6,4),
	(137,'2022-3-22','2022-11-10',8819000,2,194,11),
	(138,'2022-11-17','2023-3-12',5929000,14,102,57),
	(139,'2015-9-27','2016-5-30',4361000,5,83,53),
	(140,'2020-1-18','2020-4-5',15679000,44,41,38),
	(141,'2018-6-12','2019-4-6',16950000,6,1,54),
	(142,'2022-2-22','2022-7-6',8216000,9,112,3),
	(143,'2020-4-26','2020-5-11',14099000,7,104,49),
	(144,'2020-10-26','2021-7-29',13587000,24,154,50),
	(145,'2018-2-23','2018-6-26',8283000,40,202,27),
	(146,'2015-1-21','2015-1-31',1008000,48,114,14),
	(147,'2022-7-10','2023-3-1',15443000,9,51,54),
	(148,'2015-11-24','2016-10-17',12884000,26,57,1),
	(149,'2021-1-26','2021-11-4',9526000,32,136,32),
	(150,'2015-9-30','2016-9-6',2839000,30,28,7),
	(151,'2022-12-29','2023-12-21',14191000,21,36,36),
	(152,'2016-11-11','2017-4-22',5710000,28,155,1),
	(153,'2018-11-17','2019-5-20',4384000,14,219,24),
	(154,'2016-12-15','2017-8-10',1666000,28,132,57),
	(155,'2018-1-1','2018-8-24',15874000,34,26,1),
	(156,'2015-3-27','2015-5-10',9152000,6,28,42),
	(157,'2015-3-2','2015-6-15',3280000,6,37,42),
	(158,'2016-8-25','2017-4-19',9086000,44,175,41),
	(159,'2016-9-2','2017-1-20',8647000,23,61,33),
	(160,'2017-4-7','2017-4-19',4421000,41,31,5),
	(161,'2020-9-27','2021-1-26',11883000,17,161,28),
	(162,'2017-10-15','2018-10-11',9762000,25,175,54),
	(163,'2017-11-1','2018-9-3',16361000,34,204,19),
	(164,'2017-5-29','2018-5-25',9012000,22,48,31),
	(165,'2021-3-18','2022-2-25',7437000,42,106,28),
	(166,'2016-12-20','2018-1-11',15194000,36,157,28),
	(167,'2018-9-20','2018-11-9',2886000,40,80,49),
	(168,'2016-3-20','2016-9-19',3053000,3,135,47),
	(169,'2015-6-26','2015-9-24',13898000,33,49,24),
	(170,'2021-5-4','2021-11-15',8205000,22,183,6),
	(171,'2016-12-8','2017-2-19',8782000,44,133,35),
	(172,'2017-1-21','2017-6-8',18345000,5,173,55),
	(173,'2022-10-31','2023-11-10',12284000,25,96,55),
	(174,'2016-5-8','2017-3-3',17791000,30,111,7),
	(175,'2021-8-13','2022-5-2',11366000,9,60,51),
	(176,'2022-7-9','2022-9-5',15522000,13,66,43),
	(177,'2017-12-5','2018-5-27',17237000,29,180,52),
	(178,'2015-7-25','2016-2-3',3914000,32,104,6),
	(179,'2021-11-7','2022-9-6',9649000,29,25,20),
	(180,'2021-3-1','2021-12-7',15323000,33,1,21),
	(181,'2022-12-24','2023-9-25',17408000,31,105,10),
	(182,'2021-4-1','2022-3-2',7859000,14,58,38),
	(183,'2016-1-1','2016-6-5',11812000,15,35,36),
	(184,'2016-12-8','2017-3-11',19494000,12,1,24),
	(185,'2016-9-14','2016-10-4',10929000,15,39,55),
	(186,'2018-4-14','2019-5-10',19916000,38,206,3),
	(187,'2016-8-26','2017-5-27',6937000,45,198,58),
	(188,'2020-10-5','2021-8-7',8652000,38,14,52),
	(189,'2021-10-9','2022-5-14',19422000,25,136,27),
	(190,'2018-8-20','2019-5-22',9610000,7,115,45),
	(191,'2019-9-25','2020-1-27',14707000,48,72,41),
	(192,'2016-3-27','2017-2-28',16673000,19,103,20),
	(193,'2015-11-15','2016-7-8',17636000,34,75,40),
	(194,'2020-5-16','2020-7-3',3985000,12,161,29),
	(195,'2015-12-29','2016-9-22',7665000,3,70,23),
	(196,'2019-5-31','2020-1-14',17928000,27,9,42),
	(197,'2015-4-25','2016-2-8',6151000,37,205,25),
	(198,'2020-6-22','2020-10-31',5446000,24,37,19),
	(199,'2015-2-6','2015-5-16',3513000,6,140,27),
	(200,'2021-4-12','2022-1-14',16808000,36,163,20),
	(201,'2015-3-30','2015-4-23',4126000,9,70,32),
	(202,'2015-1-15','2015-4-27',1945000,36,171,4),
	(203,'2016-7-11','2017-6-29',6171000,46,47,51),
	(204,'2023-2-1','2023-5-8',19398000,46,50,38),
	(205,'2017-11-8','2018-5-1',16528000,28,79,2),
	(206,'2022-12-5','2023-3-5',2617000,31,148,21),
	(207,'2023-1-24','2023-10-31',11295000,12,222,30),
	(208,'2018-6-13','2019-2-10',19731000,49,211,44),
	(209,'2018-2-28','2018-5-12',7100000,16,12,7),
	(210,'2018-3-3','2018-3-14',13714000,34,171,25),
	(211,'2019-8-6','2020-3-31',10453000,11,158,52),
	(212,'2022-8-13','2022-9-15',11452000,16,194,5),
	(213,'2017-12-13','2018-9-3',18220000,18,106,40),
	(214,'2019-2-12','2020-1-12',12837000,48,16,48),
	(215,'2022-5-7','2022-12-25',5594000,37,175,20),
	(216,'2017-8-30','2018-1-24',18821000,33,201,55),
	(217,'2019-10-27','2020-8-4',18408000,20,28,4),
	(218,'2017-3-31','2018-2-7',10407000,24,212,51),
	(219,'2022-2-2','2022-10-12',6519000,28,9,34),
	(220,'2019-5-10','2019-8-18',2664000,17,64,35),
	(221,'2019-7-16','2019-9-30',17392000,38,54,13),
	(222,'2015-2-5','2015-3-13',17547000,5,99,21),
	(223,'2016-2-24','2016-9-16',16127000,21,63,56),
	(224,'2015-7-7','2016-7-12',14939000,27,66,48),
	(225,'2023-2-20','2023-9-6',7724000,3,175,16),
	(226,'2019-6-25','2019-8-22',4859000,22,101,7),
	(227,'2017-7-9','2017-9-26',8711000,18,220,36),
	(228,'2019-12-19','2020-5-24',3354000,29,174,37),
	(229,'2021-6-4','2021-11-11',14758000,19,134,31),
	(230,'2016-3-2','2017-4-5',8704000,50,182,48),
	(231,'2019-2-16','2020-2-26',13239000,16,9,42),
	(232,'2016-6-15','2016-11-12',17126000,46,18,45),
	(233,'2020-3-28','2020-8-28',12694000,11,154,1),
	(234,'2015-12-14','2016-12-1',11283000,30,223,37),
	(235,'2017-7-25','2018-3-22',2848000,32,156,42),
	(236,'2022-2-12','2022-12-4',1317000,38,10,1),
	(237,'2017-2-14','2018-2-8',19607000,38,109,25),
	(238,'2018-9-14','2018-12-19',10929000,41,164,46),
	(239,'2019-4-15','2019-5-28',8604000,9,55,3),
	(240,'2022-9-7','2023-3-15',14747000,28,1,13),
	(241,'2022-10-8','2023-1-8',18315000,49,46,5),
	(242,'2015-9-18','2016-4-27',17512000,50,92,40),
	(243,'2020-6-8','2020-7-30',1597000,33,182,9),
	(244,'2019-9-16','2019-11-28',14825000,2,187,57),
	(245,'2020-10-24','2021-9-5',18780000,10,1,44),
	(246,'2015-6-2','2016-6-11',15516000,15,54,40),
	(247,'2017-8-5','2018-5-13',6660000,10,11,36),
	(248,'2019-10-8','2020-9-1',10841000,42,2,15),
	(249,'2021-3-16','2021-5-9',13157000,28,67,7),
	(250,'2021-12-13','2022-6-22',8507000,21,34,34),
	(251,'2016-7-19','2017-2-23',6507000,42,84,40),
	(252,'2018-5-12','2019-6-16',8726000,36,120,13),
	(253,'2017-6-30','2017-8-10',10582000,4,172,46),
	(254,'2018-2-27','2018-5-6',17731000,20,56,59),
	(255,'2022-7-19','2023-5-15',16526000,29,214,3),
	(256,'2022-11-9','2023-6-19',15419000,5,206,46),
	(257,'2022-10-27','2023-3-6',16574000,10,108,13),
	(258,'2021-3-20','2022-4-16',15343000,15,59,2),
	(259,'2015-1-10','2015-1-24',15430000,26,2,33),
	(260,'2017-7-26','2017-10-28',17743000,3,32,42),
	(261,'2023-1-30','2023-11-3',13848000,20,198,34),
	(262,'2016-5-7','2016-11-24',13753000,39,134,19),
	(263,'2015-11-3','2016-1-8',2095000,40,205,10),
	(264,'2020-4-24','2020-12-19',9281000,17,39,51),
	(265,'2020-9-18','2021-5-4',19358000,3,23,14),
	(266,'2020-9-15','2021-6-22',6648000,12,72,29),
	(267,'2022-9-14','2023-5-14',17319000,31,152,40),
	(268,'2021-3-11','2022-3-19',9715000,33,219,55),
	(269,'2022-4-25','2022-12-27',11084000,30,109,36),
	(270,'2021-8-8','2022-6-28',13905000,18,139,19),
	(271,'2020-3-31','2021-1-27',6728000,13,13,23),
	(272,'2020-11-9','2020-12-29',11609000,48,124,29),
	(273,'2020-7-30','2020-11-18',12278000,30,189,30),
	(274,'2017-7-25','2018-6-1',1182000,45,26,56),
	(275,'2016-11-8','2017-12-10',16419000,35,60,17),
	(276,'2016-6-20','2016-10-19',18177000,12,152,38),
	(277,'2015-1-6','2015-11-20',17714000,36,134,15),
	(278,'2019-7-5','2020-6-21',6182000,24,185,21),
	(279,'2019-8-20','2019-11-28',8414000,22,93,31),
	(280,'2019-7-29','2019-12-1',8386000,49,90,32),
	(281,'2018-7-19','2018-10-14',19052000,26,158,50),
	(282,'2016-6-11','2016-7-24',5716000,43,187,19),
	(283,'2017-6-23','2017-11-20',15634000,12,208,14),
	(284,'2015-1-18','2015-2-23',11668000,38,3,46),
	(285,'2021-12-18','2023-1-9',14820000,36,108,9),
	(286,'2019-6-14','2020-1-31',8474000,41,184,7),
	(287,'2020-8-19','2021-7-26',17048000,3,173,41),
	(288,'2020-3-27','2020-11-1',6544000,38,64,57),
	(289,'2020-4-10','2020-8-9',1630000,35,69,26),
	(290,'2018-2-28','2018-8-31',10571000,44,41,45),
	(291,'2021-7-27','2021-12-11',6207000,20,131,11),
	(292,'2019-11-5','2020-5-29',6656000,16,103,41),
	(293,'2016-5-19','2017-2-10',14557000,37,59,59),
	(294,'2022-6-15','2022-10-23',2981000,7,222,13),
	(295,'2021-8-28','2022-4-24',6800000,12,13,14),
	(296,'2017-3-8','2017-12-29',11177000,28,191,48),
	(297,'2018-2-25','2018-12-28',11340000,31,212,10),
	(298,'2017-11-17','2018-1-13',10268000,47,201,37),
	(299,'2015-6-6','2015-10-1',12738000,15,152,54),
	(300,'2022-7-7','2023-6-22',15411000,43,77,13),
	(301,'2018-3-7','2019-1-27',19984000,27,135,48),
	(302,'2015-12-16','2016-3-30',17440000,24,140,60),
	(303,'2018-8-10','2019-4-14',14587000,15,134,17),
	(304,'2016-9-28','2017-5-30',3395000,23,172,5),
	(305,'2018-3-30','2018-4-16',19146000,21,92,7),
	(306,'2021-1-30','2021-3-11',8128000,6,32,29),
	(307,'2015-9-19','2016-3-17',12549000,14,137,54),
	(308,'2018-12-30','2019-3-13',15192000,9,64,48),
	(309,'2020-5-14','2020-5-29',18901000,20,36,29),
	(310,'2018-10-11','2019-8-3',6576000,10,165,5),
	(311,'2018-5-17','2018-6-30',15686000,15,76,26),
	(312,'2021-10-19','2022-1-16',16322000,48,121,11),
	(313,'2018-9-15','2019-3-3',1447000,43,128,11),
	(314,'2015-2-27','2015-4-2',7969000,3,177,11),
	(315,'2017-12-21','2018-4-12',9356000,40,32,35),
	(316,'2022-10-19','2023-2-11',13723000,26,10,48),
	(317,'2019-5-8','2019-8-24',15567000,31,47,43),
	(318,'2015-11-7','2016-9-6',5014000,6,145,15),
	(319,'2019-11-15','2020-7-7',14672000,31,8,46),
	(320,'2022-8-28','2023-4-6',5637000,46,49,9),
	(321,'2021-6-27','2021-7-7',16929000,28,85,41),
	(322,'2015-11-28','2016-8-25',7643000,36,208,21),
	(323,'2015-4-10','2015-6-13',15241000,44,81,4),
	(324,'2016-11-3','2017-8-9',5880000,45,191,41),
	(325,'2021-3-4','2021-12-31',12355000,11,37,23),
	(326,'2016-2-20','2016-7-30',1360000,20,98,38),
	(327,'2018-8-7','2019-2-6',16985000,10,11,48),
	(328,'2018-7-9','2018-7-19',16555000,7,211,20),
	(329,'2020-11-4','2021-4-2',18520000,48,115,29),
	(330,'2020-4-9','2020-9-7',13323000,12,180,49),
	(331,'2023-3-9','2023-8-12',4579000,28,93,14),
	(332,'2015-1-29','2015-2-14',18614000,37,137,57),
	(333,'2016-3-23','2016-9-12',6850000,37,142,40),
	(334,'2022-5-26','2022-6-17',14877000,21,18,55),
	(335,'2016-3-23','2016-12-3',12568000,26,141,21),
	(336,'2018-2-8','2018-4-23',8138000,31,161,30),
	(337,'2019-2-17','2020-2-2',18644000,23,124,17),
	(338,'2021-5-29','2021-10-5',9117000,21,34,46),
	(339,'2018-8-14','2019-8-9',6508000,5,123,48),
	(340,'2015-11-24','2015-12-4',19478000,6,73,27),
	(341,'2015-2-14','2015-3-11',16872000,16,140,15),
	(342,'2019-9-11','2020-8-29',19070000,33,144,52),
	(343,'2023-4-8','2024-1-20',3632000,24,199,46),
	(344,'2018-1-31','2018-11-18',5721000,3,172,57),
	(345,'2022-3-28','2022-6-27',8351000,22,50,38),
	(346,'2020-7-17','2020-10-7',13107000,39,58,34),
	(347,'2020-7-16','2021-7-5',16970000,44,208,19),
	(348,'2018-7-5','2018-12-21',17218000,36,9,20),
	(349,'2018-2-3','2018-8-20',19629000,20,69,43),
	(350,'2021-2-8','2022-1-10',17235000,34,76,21),
	(351,'2019-3-5','2019-8-29',14334000,17,90,14),
	(352,'2022-4-16','2023-5-1',7268000,24,140,30),
	(353,'2019-3-7','2020-3-4',13003000,13,102,37),
	(354,'2015-5-25','2016-3-31',17899000,9,55,13),
	(355,'2021-3-2','2021-8-6',14874000,12,199,29),
	(356,'2017-6-27','2017-11-24',17818000,29,27,34),
	(357,'2016-7-13','2017-1-16',10616000,3,168,49),
	(358,'2015-10-31','2015-12-21',6715000,9,41,20),
	(359,'2021-8-14','2022-8-4',4983000,4,146,2),
	(360,'2021-11-24','2022-2-9',14983000,11,1,5),
	(361,'2017-4-30','2017-12-3',7539000,38,13,33),
	(362,'2016-10-18','2017-1-4',3373000,39,99,8),
	(363,'2015-4-28','2015-10-5',19545000,29,69,10),
	(364,'2015-7-27','2016-2-25',4419000,18,15,8),
	(365,'2019-10-24','2020-2-5',13901000,11,91,54),
	(366,'2015-4-15','2015-12-17',15126000,11,126,20),
	(367,'2016-10-28','2016-12-20',12029000,21,122,23),
	(368,'2021-5-8','2022-3-16',13526000,15,64,31),
	(369,'2019-1-1','2020-1-1',9245000,2,68,3),
	(370,'2020-3-29','2021-3-31',6128000,7,67,32),
	(371,'2018-9-2','2019-4-29',12202000,47,151,1),
	(372,'2019-11-4','2020-5-31',5273000,22,197,26),
	(373,'2015-6-16','2015-7-9',8575000,32,30,13),
	(374,'2015-5-31','2015-6-25',11625000,31,173,33),
	(375,'2022-7-18','2023-7-30',6113000,40,108,41),
	(376,'2015-3-5','2015-10-18',12019000,9,23,18),
	(377,'2016-2-13','2017-3-8',16087000,13,216,60),
	(378,'2018-2-23','2018-4-19',11150000,46,126,22),
	(379,'2019-7-21','2020-2-25',5144000,20,12,6),
	(380,'2022-8-1','2022-8-21',17021000,40,145,27),
	(381,'2019-10-11','2019-11-1',17888000,21,195,32),
	(382,'2022-7-18','2023-5-23',2561000,38,116,22),
	(383,'2021-4-5','2021-11-5',9540000,40,2,42),
	(384,'2019-1-29','2019-3-18',12299000,42,182,39),
	(385,'2018-4-6','2018-6-27',10886000,23,151,57),
	(386,'2015-7-1','2016-2-19',15481000,6,120,36),
	(387,'2019-10-22','2020-9-1',17508000,28,26,19),
	(388,'2021-4-9','2021-6-12',19966000,48,79,52),
	(389,'2017-4-13','2017-7-21',17167000,37,197,31),
	(390,'2022-3-9','2022-12-4',13801000,37,37,40),
	(391,'2023-1-4','2023-5-14',6163000,32,83,37),
	(392,'2023-2-1','2023-5-18',3470000,40,220,27),
	(393,'2021-9-27','2021-10-26',7658000,25,37,5),
	(394,'2015-3-24','2015-10-16',19587000,32,193,60),
	(395,'2018-8-10','2019-4-28',4775000,21,89,54),
	(396,'2021-5-20','2022-4-19',5660000,25,145,3),
	(397,'2017-2-13','2017-12-7',14136000,8,5,29),
	(398,'2021-6-26','2021-11-10',14697000,35,159,34),
	(399,'2016-8-24','2017-8-3',11426000,41,189,58),
	(400,'2017-8-12','2018-9-4',7951000,49,71,54),
	(401,'2016-3-29','2016-12-16',2010000,47,20,36),
	(402,'2021-11-23','2022-4-21',13848000,40,87,22),
	(403,'2021-6-25','2022-7-14',7255000,47,149,20),
	(404,'2018-8-18','2019-5-15',9669000,20,82,30),
	(405,'2016-9-21','2017-9-25',8249000,27,35,12),
	(406,'2015-6-2','2015-8-18',3063000,27,126,31),
	(407,'2019-4-8','2019-7-19',10331000,43,153,51),
	(408,'2022-7-16','2023-3-9',3079000,12,130,20),
	(409,'2018-10-22','2019-7-29',7667000,11,180,43),
	(410,'2015-1-20','2015-10-7',17095000,11,52,43),
	(411,'2018-11-1','2019-7-5',5503000,21,115,31),
	(412,'2016-2-13','2016-3-5',12704000,3,45,9),
	(413,'2020-11-17','2021-6-9',17221000,13,181,41),
	(414,'2020-7-22','2021-4-17',5193000,10,91,22),
	(415,'2020-9-23','2021-3-16',18438000,9,25,57),
	(416,'2019-9-21','2020-3-13',5993000,1,208,1),
	(417,'2016-11-21','2017-6-6',12715000,36,196,10),
	(418,'2018-3-17','2019-2-12',12109000,42,17,37),
	(419,'2020-12-15','2022-1-6',1874000,17,209,24),
	(420,'2019-1-22','2019-10-29',9887000,21,85,17),
	(421,'2020-7-6','2020-11-5',18900000,26,181,36),
	(422,'2020-6-27','2020-7-30',7382000,49,147,16),
	(423,'2015-12-30','2016-4-28',17184000,35,108,39),
	(424,'2019-5-30','2020-1-22',14714000,47,134,42),
	(425,'2019-10-14','2019-12-25',14152000,48,53,42),
	(426,'2018-8-13','2019-7-29',4639000,17,48,19),
	(427,'2020-3-28','2020-6-17',15722000,26,195,57),
	(428,'2019-1-5','2019-3-17',8785000,16,2,46),
	(429,'2019-8-21','2020-3-26',5993000,37,89,48),
	(430,'2018-1-26','2018-8-19',1045000,45,63,8),
	(431,'2022-8-29','2023-5-28',9799000,43,22,49),
	(432,'2017-11-30','2018-8-25',6355000,46,162,53),
	(433,'2022-5-28','2023-4-5',7003000,25,133,42),
	(434,'2018-11-24','2019-1-25',13877000,17,141,1),
	(435,'2016-9-12','2017-10-5',8283000,24,78,3),
	(436,'2023-1-19','2023-12-16',7014000,16,178,41),
	(437,'2015-4-1','2015-12-24',9699000,8,63,50),
	(438,'2020-10-27','2021-4-28',4739000,4,6,8),
	(439,'2020-12-7','2021-7-23',14652000,39,69,44),
	(440,'2022-9-13','2022-10-31',10155000,18,203,59),
	(441,'2015-4-2','2015-9-27',1121000,7,107,18),
	(442,'2019-1-27','2019-9-24',1864000,17,5,54),
	(443,'2017-5-4','2018-4-17',18422000,18,203,39),
	(444,'2017-9-27','2018-1-4',5864000,27,117,13),
	(445,'2015-4-28','2015-12-16',5307000,26,81,7),
	(446,'2023-4-15','2023-8-21',16282000,5,82,16),
	(447,'2023-2-5','2023-5-4',5574000,24,189,39),
	(448,'2015-4-24','2015-8-30',17045000,39,15,51),
	(449,'2020-7-15','2020-10-31',11280000,9,154,34),
	(450,'2022-9-30','2023-1-6',10285000,42,58,58),
	(451,'2022-2-22','2022-12-10',2106000,32,56,41),
	(452,'2022-6-11','2022-10-11',6037000,30,6,34),
	(453,'2015-6-2','2016-2-3',14679000,23,43,25),
	(454,'2022-11-24','2023-4-22',8856000,13,183,21),
	(455,'2018-4-16','2018-10-14',11317000,33,76,47),
	(456,'2015-10-9','2016-3-13',18128000,17,125,36),
	(457,'2021-2-4','2022-1-11',12138000,38,209,21),
	(458,'2022-10-6','2022-11-4',5764000,9,4,53),
	(459,'2020-1-13','2020-8-8',18204000,8,164,22),
	(460,'2016-5-9','2017-1-23',6250000,40,39,37),
	(461,'2019-9-9','2019-10-12',9824000,10,155,8),
	(462,'2020-1-15','2020-9-28',17073000,40,6,54),
	(463,'2015-3-22','2016-3-26',14506000,30,100,55),
	(464,'2020-3-17','2020-10-14',19284000,26,105,46),
	(465,'2019-2-3','2019-11-14',4871000,5,212,37),
	(466,'2015-9-17','2016-6-21',12629000,32,70,29),
	(467,'2019-1-21','2019-3-20',8975000,8,59,30),
	(468,'2021-4-13','2022-3-15',13172000,49,134,56),
	(469,'2023-1-17','2023-11-11',14417000,43,222,20),
	(470,'2015-3-10','2015-5-5',9572000,12,204,43),
	(471,'2022-2-4','2023-3-3',19658000,28,38,23),
	(472,'2016-6-20','2016-8-16',19357000,27,9,25),
	(473,'2017-10-18','2018-3-16',5856000,7,131,54),
	(474,'2016-4-12','2017-1-18',17528000,37,89,54),
	(475,'2021-11-28','2022-3-31',9793000,1,87,58),
	(476,'2020-5-28','2020-9-28',4237000,36,208,60),
	(477,'2022-5-17','2022-9-10',5454000,1,138,20),
	(478,'2018-12-15','2019-3-16',5752000,20,5,60),
	(479,'2017-8-11','2017-11-3',8756000,4,102,56),
	(480,'2015-11-8','2016-9-11',9434000,47,223,57),
	(481,'2020-10-20','2021-4-29',15892000,8,76,38),
	(482,'2020-11-23','2021-5-10',3570000,26,167,20),
	(483,'2022-9-12','2023-6-20',10798000,46,56,45),
	(484,'2019-10-27','2020-9-20',3165000,42,82,4),
	(485,'2017-12-29','2018-9-1',19248000,33,160,4),
	(486,'2018-3-11','2018-5-13',16713000,14,133,2),
	(487,'2019-6-4','2020-1-17',2570000,18,182,23),
	(488,'2017-7-3','2018-5-20',4519000,25,41,22),
	(489,'2021-3-16','2021-9-14',15458000,22,99,49),
	(490,'2016-3-1','2016-5-20',9583000,47,113,3),
	(491,'2015-6-23','2015-12-26',12402000,39,93,26),
	(492,'2019-11-10','2020-3-18',8444000,5,94,38),
	(493,'2020-2-11','2021-3-7',15664000,38,102,57),
	(494,'2015-5-11','2015-11-17',12956000,5,200,11),
	(495,'2016-6-20','2016-9-2',5964000,44,143,4),
	(496,'2016-3-28','2016-11-21',10020000,49,192,49),
	(497,'2016-6-11','2017-7-1',6758000,14,177,59),
	(498,'2018-9-9','2019-3-22',13247000,41,13,56),
	(499,'2022-6-6','2023-7-1',5353000,28,134,16),
	(500,'2017-1-19','2017-10-16',8859000,32,139,19),
	(501,'2020-6-15','2020-10-16',11963000,21,11,35),
	(502,'2019-10-26','2020-6-14',2325000,44,96,34),
	(503,'2015-9-23','2016-2-11',9428000,24,156,9),
	(504,'2019-2-13','2019-11-25',9134000,36,192,25),
	(505,'2016-8-7','2016-11-5',17702000,9,28,10),
	(506,'2015-10-13','2016-1-30',18318000,25,109,44),
	(507,'2015-4-3','2015-7-24',1329000,6,191,21),
	(508,'2017-5-2','2017-10-29',17309000,25,49,41),
	(509,'2021-8-31','2022-7-11',7921000,20,222,17),
	(510,'2021-4-9','2022-3-2',9488000,26,194,48),
	(511,'2023-4-9','2024-4-23',6981000,50,192,14),
	(512,'2015-12-17','2016-4-3',19835000,29,82,25),
	(513,'2017-6-25','2017-7-28',18652000,2,10,39),
	(514,'2020-10-16','2021-10-25',6471000,3,128,20),
	(515,'2018-4-3','2018-5-3',6594000,34,11,12),
	(516,'2017-2-5','2017-2-15',1310000,30,81,52),
	(517,'2017-6-10','2018-1-12',1107000,15,100,8),
	(518,'2015-5-24','2016-1-14',17366000,8,152,29),
	(519,'2021-8-29','2021-9-20',3014000,41,182,5),
	(520,'2018-4-27','2018-8-2',6719000,41,71,54),
	(521,'2017-3-2','2017-6-17',18384000,35,156,34),
	(522,'2021-12-28','2022-2-23',15318000,24,103,43),
	(523,'2022-10-23','2023-8-28',7614000,27,83,21),
	(524,'2016-7-21','2016-10-23',3495000,26,83,47),
	(525,'2017-6-30','2017-9-23',14429000,21,21,57),
	(526,'2017-4-16','2018-1-17',18486000,2,56,26),
	(527,'2018-4-19','2019-4-5',15321000,4,16,31),
	(528,'2018-5-11','2019-4-26',16450000,50,74,53),
	(529,'2021-8-31','2022-6-16',8546000,11,166,36),
	(530,'2021-6-4','2021-10-1',4620000,38,151,55),
	(531,'2019-1-1','2019-3-2',14030000,46,156,15),
	(532,'2016-1-9','2016-12-12',17727000,44,21,22),
	(533,'2021-5-30','2021-6-18',10978000,33,112,52),
	(534,'2015-7-30','2015-10-15',18906000,47,4,51),
	(535,'2022-3-1','2023-2-9',2998000,23,101,22),
	(536,'2019-11-7','2020-10-6',13513000,45,44,25),
	(537,'2019-12-2','2020-8-25',15575000,36,90,46),
	(538,'2018-8-20','2019-9-15',7749000,27,152,33),
	(539,'2017-6-19','2018-2-22',9945000,40,30,53),
	(540,'2016-6-18','2017-7-23',17568000,12,6,29),
	(541,'2023-4-9','2024-1-28',14864000,11,136,8),
	(542,'2018-7-13','2018-10-23',8432000,21,148,13),
	(543,'2016-3-25','2016-11-2',14534000,18,149,39),
	(544,'2016-12-18','2017-4-20',10597000,8,45,35),
	(545,'2017-2-3','2017-8-30',10992000,12,50,17),
	(546,'2023-1-28','2023-10-19',6634000,42,174,43),
	(547,'2015-3-1','2015-10-16',10126000,25,97,32),
	(548,'2018-4-30','2019-1-17',14806000,33,166,15),
	(549,'2019-5-21','2020-1-29',4133000,18,8,49),
	(550,'2023-1-16','2023-4-25',1501000,42,105,27),
	(551,'2020-8-2','2020-9-17',15381000,24,71,24),
	(552,'2020-10-8','2021-8-26',3247000,12,145,14),
	(553,'2019-10-29','2020-10-13',19456000,20,9,33),
	(554,'2018-1-24','2019-1-9',18952000,26,110,20),
	(555,'2015-3-24','2015-8-31',10154000,24,14,19),
	(556,'2015-4-14','2016-2-4',18025000,27,103,13),
	(557,'2019-10-24','2020-8-24',3934000,40,120,25),
	(558,'2023-3-9','2023-12-24',13217000,9,86,14),
	(559,'2022-1-23','2022-2-16',11014000,46,79,59),
	(560,'2020-6-8','2020-7-29',10120000,48,56,32),
	(561,'2018-12-18','2019-1-25',2857000,32,151,25),
	(562,'2016-12-13','2017-3-3',1389000,27,2,22),
	(563,'2018-11-23','2019-7-29',6268000,11,17,60),
	(564,'2022-1-10','2022-2-14',3551000,16,123,4),
	(565,'2021-10-8','2022-1-5',10399000,15,37,34),
	(566,'2016-2-8','2017-2-13',13498000,44,175,58),
	(567,'2020-6-26','2021-2-2',8174000,8,98,35),
	(568,'2018-10-8','2019-1-15',12642000,31,190,53),
	(569,'2018-11-6','2019-9-8',9618000,39,73,46),
	(570,'2018-12-8','2019-12-12',16170000,31,150,40),
	(571,'2018-10-16','2019-4-7',18136000,27,80,49),
	(572,'2016-10-4','2017-6-1',9590000,14,15,17),
	(573,'2015-2-3','2015-2-21',17210000,6,14,30),
	(574,'2023-3-31','2023-7-21',14773000,18,201,47),
	(575,'2015-1-12','2015-4-17',3502000,17,118,15),
	(576,'2018-4-21','2018-12-14',13402000,16,116,44),
	(577,'2017-5-22','2018-4-14',8730000,35,29,27),
	(578,'2020-12-3','2021-7-8',19917000,46,179,24),
	(579,'2017-10-10','2018-5-25',7254000,24,215,15),
	(580,'2021-3-9','2021-4-29',4921000,21,155,57),
	(581,'2017-7-6','2018-6-24',14124000,7,14,11),
	(582,'2019-3-15','2019-8-5',3473000,40,166,52),
	(583,'2015-4-16','2016-4-27',15856000,9,71,8),
	(584,'2020-10-14','2021-10-11',3952000,45,57,49),
	(585,'2022-2-24','2022-4-6',14248000,48,93,22),
	(586,'2023-4-17','2023-5-22',7736000,18,219,16),
	(587,'2020-5-19','2020-6-4',11582000,1,91,52),
	(588,'2020-10-8','2021-10-25',8885000,4,162,6),
	(589,'2021-11-25','2022-4-4',14371000,16,118,28),
	(590,'2022-7-10','2022-12-23',18495000,48,150,27),
	(591,'2022-8-18','2022-11-7',11263000,31,11,10),
	(592,'2018-2-22','2019-3-10',5328000,23,132,27),
	(593,'2015-1-27','2015-2-11',15119000,10,61,42),
	(594,'2021-2-12','2022-2-7',7141000,41,61,60),
	(595,'2015-1-19','2015-10-24',11282000,40,109,45),
	(596,'2015-10-6','2016-10-8',9325000,44,105,24),
	(597,'2020-11-8','2021-11-18',17167000,13,8,3),
	(598,'2015-2-26','2015-11-3',18115000,35,64,41),
	(599,'2019-11-27','2020-9-9',5241000,44,160,17),
	(600,'2017-5-12','2017-9-23',17906000,23,59,56),
	(601,'2020-2-5','2020-9-3',14179000,39,6,55),
	(602,'2015-11-3','2016-9-24',2139000,13,80,26),
	(603,'2016-1-9','2016-9-5',19018000,22,22,43),
	(604,'2022-6-9','2022-12-6',10439000,46,90,60),
	(605,'2018-8-25','2018-11-7',8678000,29,214,28),
	(606,'2018-9-10','2018-10-3',16768000,29,83,44),
	(607,'2022-4-8','2022-9-2',3277000,18,121,42),
	(608,'2017-1-23','2018-1-30',1481000,1,210,12),
	(609,'2016-2-19','2016-9-15',1627000,43,45,14),
	(610,'2015-11-22','2016-5-30',6835000,2,187,27),
	(611,'2020-7-21','2020-11-6',9492000,40,107,9),
	(612,'2017-10-2','2017-11-11',18582000,45,141,7),
	(613,'2019-11-10','2020-6-21',1452000,42,160,29),
	(614,'2016-4-26','2016-9-7',5878000,35,159,25),
	(615,'2020-1-9','2020-8-5',16811000,32,191,58),
	(616,'2015-9-2','2016-8-11',14654000,1,136,14),
	(617,'2015-11-30','2016-8-30',5558000,7,176,5),
	(618,'2016-5-15','2016-11-16',18041000,47,136,29),
	(619,'2016-5-9','2016-8-1',4044000,25,52,28),
	(620,'2015-12-31','2016-2-4',18834000,28,126,58),
	(621,'2021-11-1','2022-4-24',11410000,30,121,14),
	(622,'2021-4-4','2021-10-10',6501000,37,220,47),
	(623,'2021-7-31','2022-3-1',4044000,15,147,8),
	(624,'2021-7-1','2021-11-12',3978000,49,63,10),
	(625,'2021-3-14','2021-8-24',14550000,40,101,30),
	(626,'2016-3-12','2016-10-14',16126000,46,24,24),
	(627,'2017-7-15','2017-11-17',18924000,40,46,25),
	(628,'2021-7-14','2021-9-18',14219000,27,68,43),
	(629,'2018-9-23','2019-2-5',13358000,43,43,54),
	(630,'2017-5-10','2017-7-2',13005000,13,87,60),
	(631,'2022-8-27','2022-10-10',11493000,39,190,36),
	(632,'2016-5-31','2016-9-20',4388000,35,8,39),
	(633,'2020-12-27','2021-8-29',14212000,7,78,43),
	(634,'2017-12-30','2018-2-11',10960000,35,67,57),
	(635,'2016-11-24','2017-1-21',2923000,17,208,43),
	(636,'2017-9-1','2018-2-8',19763000,24,174,7),
	(637,'2016-4-20','2016-9-27',15490000,12,138,9),
	(638,'2020-10-29','2021-9-9',9042000,7,179,32),
	(639,'2018-7-13','2019-4-2',11891000,42,134,12),
	(640,'2019-4-21','2020-2-4',11722000,34,206,51),
	(641,'2015-4-17','2016-1-16',5562000,40,148,56),
	(642,'2017-1-27','2017-3-9',12067000,48,124,36),
	(643,'2017-9-21','2018-1-7',1435000,6,47,53),
	(644,'2016-3-23','2016-4-24',12215000,2,18,41),
	(645,'2018-12-9','2019-9-5',10061000,16,69,28),
	(646,'2015-4-21','2015-9-13',19733000,48,22,18),
	(647,'2020-12-5','2021-9-4',4681000,35,36,59),
	(648,'2018-5-11','2018-6-5',18990000,45,202,31),
	(649,'2022-2-13','2023-3-14',19851000,23,84,52),
	(650,'2019-4-12','2020-5-13',10216000,27,98,51),
	(651,'2020-3-21','2021-3-22',4892000,39,36,31),
	(652,'2018-9-13','2019-3-22',4223000,12,199,17),
	(653,'2018-11-10','2019-1-11',10826000,34,19,59),
	(654,'2020-6-1','2021-3-25',6843000,24,50,59),
	(655,'2020-1-13','2020-3-9',1667000,24,60,58),
	(656,'2022-1-15','2022-4-1',5906000,6,65,14),
	(657,'2023-1-2','2023-9-19',16253000,36,182,36),
	(658,'2020-7-23','2021-6-4',7313000,30,9,41),
	(659,'2021-9-9','2022-1-22',15892000,44,77,48),
	(660,'2016-8-11','2016-9-15',2394000,40,134,10),
	(661,'2019-6-1','2019-8-12',14519000,46,21,6),
	(662,'2015-7-4','2016-7-13',19742000,22,76,9),
	(663,'2022-10-5','2023-6-6',6976000,3,11,7),
	(664,'2022-3-9','2022-11-11',5307000,21,185,54),
	(665,'2018-4-19','2019-2-16',17402000,49,13,25),
	(666,'2015-3-11','2015-12-8',2019000,21,26,36),
	(667,'2020-2-2','2020-4-15',5420000,50,94,60),
	(668,'2018-8-23','2018-10-6',18188000,6,67,26),
	(669,'2021-9-23','2022-8-7',17842000,48,105,42),
	(670,'2022-3-13','2023-3-16',2835000,15,190,2),
	(671,'2016-10-9','2017-9-18',9816000,26,109,13),
	(672,'2021-12-10','2022-5-4',17195000,36,213,36),
	(673,'2022-7-17','2022-8-25',4513000,46,151,39),
	(674,'2021-12-29','2022-8-14',15113000,16,25,18),
	(675,'2019-11-12','2019-11-23',18355000,32,131,45),
	(676,'2020-12-13','2021-2-28',15017000,45,99,31),
	(677,'2022-10-12','2022-12-27',8229000,33,223,57),
	(678,'2018-6-8','2019-4-21',5426000,5,97,2),
	(679,'2022-7-12','2022-8-31',14844000,12,189,24),
	(680,'2018-11-16','2019-5-28',19685000,27,119,38),
	(681,'2015-3-5','2016-1-21',18033000,25,83,45),
	(682,'2019-6-5','2019-9-4',17454000,20,50,57),
	(683,'2020-2-17','2020-3-24',13341000,31,146,26),
	(684,'2019-6-20','2020-1-23',13195000,27,192,58),
	(685,'2022-12-10','2023-5-6',15616000,29,82,56),
	(686,'2021-6-21','2022-3-1',3397000,8,103,51),
	(687,'2015-7-10','2015-10-25',8400000,12,20,27),
	(688,'2018-9-5','2018-11-30',19542000,10,83,55),
	(689,'2023-3-27','2024-1-26',15270000,27,94,51),
	(690,'2016-12-4','2017-6-14',15661000,10,212,5),
	(691,'2020-8-14','2020-12-10',18126000,32,87,12),
	(692,'2020-9-3','2021-4-24',7003000,45,34,15),
	(693,'2015-1-19','2015-10-30',17461000,16,150,25),
	(694,'2019-7-10','2020-7-28',5483000,38,71,41),
	(695,'2017-5-4','2017-9-4',1380000,16,102,55),
	(696,'2015-7-25','2016-7-17',11492000,5,94,32),
	(697,'2019-11-25','2020-8-28',5572000,3,73,7),
	(698,'2017-2-1','2018-1-8',16432000,35,188,23),
	(699,'2022-7-14','2023-6-22',8693000,21,211,38),
	(700,'2015-3-25','2015-12-21',1114000,22,167,50),
	(701,'2018-1-29','2018-2-22',16063000,30,189,48),
	(702,'2016-4-21','2017-5-15',16325000,15,196,36),
	(703,'2022-11-1','2023-11-27',2469000,35,46,3),
	(704,'2020-7-16','2021-3-31',16077000,45,50,52),
	(705,'2015-8-4','2016-8-21',11076000,49,27,34),
	(706,'2018-5-22','2019-5-8',3079000,29,158,16),
	(707,'2016-10-4','2017-5-27',18797000,17,145,21),
	(708,'2019-1-18','2019-4-2',15982000,11,157,39),
	(709,'2021-3-18','2021-12-6',15015000,47,110,20),
	(710,'2020-1-14','2020-12-10',8648000,39,214,10),
	(711,'2021-2-18','2022-1-29',17127000,50,136,34),
	(712,'2015-7-31','2016-8-2',8629000,37,180,39),
	(713,'2023-2-19','2023-10-11',15779000,15,187,26),
	(714,'2021-7-21','2022-5-30',19004000,8,93,32),
	(715,'2017-3-8','2017-6-7',7912000,41,175,50),
	(716,'2017-1-22','2017-4-15',9538000,39,80,22),
	(717,'2020-10-4','2020-12-31',12312000,13,42,12),
	(718,'2019-6-26','2019-12-11',13018000,13,106,11),
	(719,'2016-2-9','2017-3-4',16009000,38,212,12),
	(720,'2022-5-16','2023-3-4',6643000,44,35,23),
	(721,'2016-12-27','2017-3-13',10102000,15,156,8),
	(722,'2019-10-29','2020-5-24',1569000,6,208,60),
	(723,'2022-1-20','2022-2-11',12019000,26,141,57),
	(724,'2015-12-16','2016-4-6',9192000,1,188,46),
	(725,'2018-8-7','2019-8-2',15355000,29,136,48),
	(726,'2015-8-30','2016-5-8',3284000,39,120,28),
	(727,'2022-5-13','2023-3-26',5612000,12,35,31),
	(728,'2022-8-14','2023-1-4',10511000,19,144,16),
	(729,'2015-9-12','2016-1-31',9783000,29,16,11),
	(730,'2015-9-5','2016-1-20',1287000,8,92,31),
	(731,'2021-6-22','2022-4-19',12071000,40,82,57),
	(732,'2016-6-27','2017-5-15',14576000,5,88,2),
	(733,'2019-2-5','2019-4-21',16154000,29,110,20),
	(734,'2021-7-31','2022-5-2',10506000,23,64,25),
	(735,'2019-10-27','2020-9-22',2715000,31,165,4),
	(736,'2019-3-2','2019-10-8',4857000,21,106,45),
	(737,'2015-6-9','2015-11-8',6510000,22,174,7),
	(738,'2015-9-19','2016-1-19',13964000,11,220,4),
	(739,'2017-7-1','2017-11-23',16383000,27,75,51),
	(740,'2022-1-7','2022-3-23',6129000,10,220,37),
	(741,'2015-4-23','2015-8-22',1813000,46,31,27),
	(742,'2023-3-27','2023-6-3',3779000,16,154,51),
	(743,'2016-4-12','2016-11-21',19745000,11,145,50),
	(744,'2018-12-5','2019-2-1',5153000,16,198,60),
	(745,'2018-9-5','2019-5-22',14039000,42,133,12),
	(746,'2022-3-23','2023-4-13',12604000,43,180,42),
	(747,'2016-1-21','2017-1-3',15475000,33,222,52),
	(748,'2021-6-12','2022-6-17',13316000,28,21,36),
	(749,'2015-11-3','2016-11-21',10800000,6,14,12),
	(750,'2017-11-14','2018-10-3',10236000,22,145,49),
	(751,'2017-3-25','2018-2-19',7903000,14,181,36),
	(752,'2020-6-14','2020-6-28',2930000,35,217,57),
	(753,'2021-9-25','2022-3-4',10018000,19,111,57),
	(754,'2020-5-9','2020-6-10',3939000,14,77,32),
	(755,'2021-7-7','2022-6-5',18574000,19,116,10),
	(756,'2018-10-12','2019-4-8',6296000,42,50,11),
	(757,'2016-12-15','2017-4-28',7844000,45,13,18),
	(758,'2019-2-18','2019-4-6',6908000,1,111,36),
	(759,'2019-6-23','2020-1-23',18888000,7,131,10),
	(760,'2016-5-29','2016-9-17',15946000,8,103,36),
	(761,'2021-9-27','2022-4-13',2179000,40,216,25),
	(762,'2017-11-15','2018-3-31',9039000,45,134,4),
	(763,'2020-11-6','2021-9-7',6750000,35,7,29),
	(764,'2019-5-7','2020-4-9',13025000,30,164,40),
	(765,'2017-11-15','2018-7-19',1598000,13,214,11),
	(766,'2021-1-14','2021-3-18',14041000,49,3,37),
	(767,'2020-7-29','2020-10-14',12616000,39,41,58),
	(768,'2019-7-15','2020-8-17',15867000,38,99,48),
	(769,'2016-9-26','2017-3-15',13514000,42,60,56),
	(770,'2016-6-27','2017-4-27',13395000,3,56,22),
	(771,'2023-2-7','2023-3-1',6184000,38,155,50),
	(772,'2019-6-10','2019-8-1',12596000,24,5,47),
	(773,'2021-12-16','2022-11-18',5679000,33,104,5),
	(774,'2015-9-22','2016-1-21',18230000,49,7,60),
	(775,'2018-9-4','2018-10-29',19205000,14,196,14),
	(776,'2016-4-22','2016-9-16',10306000,17,28,49),
	(777,'2019-2-1','2019-10-11',11943000,15,35,8),
	(778,'2019-1-31','2019-2-21',10534000,23,213,13),
	(779,'2022-4-4','2023-1-1',10268000,38,21,14),
	(780,'2019-7-13','2019-9-1',10145000,30,32,10),
	(781,'2016-12-13','2017-7-16',18295000,39,20,7),
	(782,'2020-4-2','2020-12-26',6826000,49,218,26),
	(783,'2018-4-27','2018-11-19',10755000,46,30,9),
	(784,'2016-10-31','2017-5-30',7738000,48,145,14),
	(785,'2022-5-13','2023-5-13',1493000,29,56,28),
	(786,'2022-9-15','2022-11-15',6741000,2,192,25),
	(787,'2016-3-20','2017-3-14',8541000,32,14,13),
	(788,'2020-12-15','2021-12-10',4093000,22,147,30),
	(789,'2015-8-14','2016-8-13',13257000,36,70,49),
	(790,'2018-8-19','2019-3-8',16825000,50,89,60),
	(791,'2016-6-13','2016-8-10',19076000,24,201,4),
	(792,'2021-9-21','2021-11-10',1742000,24,5,57),
	(793,'2020-1-21','2020-9-6',7419000,26,142,48),
	(794,'2017-10-18','2018-1-26',19727000,49,55,23),
	(795,'2019-7-2','2020-7-15',6253000,35,218,42),
	(796,'2021-7-22','2022-5-15',13380000,35,201,55),
	(797,'2017-7-9','2017-9-18',9036000,49,174,42),
	(798,'2019-6-1','2020-1-19',3566000,8,99,46),
	(799,'2022-3-8','2022-12-24',18467000,42,36,33),
	(800,'2015-12-2','2015-12-14',5729000,38,144,19),
	(801,'2022-3-30','2022-12-5',3720000,47,122,37),
	(802,'2018-12-21','2019-3-26',18067000,50,132,7),
	(803,'2022-12-3','2023-9-16',3688000,50,107,10),
	(804,'2021-2-12','2021-8-2',6289000,4,88,22),
	(805,'2017-1-4','2017-1-28',4991000,1,74,13),
	(806,'2019-9-15','2020-6-23',12001000,20,221,56),
	(807,'2020-5-17','2020-9-17',11844000,41,43,60),
	(808,'2015-7-18','2016-1-14',16872000,41,39,2),
	(809,'2016-4-28','2017-2-6',6729000,23,110,46),
	(810,'2018-2-12','2019-1-11',16290000,29,188,19),
	(811,'2021-6-7','2022-6-4',13741000,47,84,19),
	(812,'2019-11-22','2020-7-10',2353000,22,221,51),
	(813,'2017-8-19','2018-3-20',18681000,10,125,51),
	(814,'2016-1-21','2016-9-18',4982000,24,90,41),
	(815,'2020-11-28','2021-1-22',5046000,24,216,43),
	(816,'2021-10-20','2022-1-30',16273000,49,64,7),
	(817,'2019-10-21','2020-7-21',18957000,23,63,34),
	(818,'2017-1-29','2018-1-5',18063000,32,110,22),
	(819,'2015-5-23','2015-7-29',12043000,9,64,2),
	(820,'2021-5-13','2021-10-31',10845000,14,158,28),
	(821,'2022-1-28','2022-9-16',7937000,34,15,32),
	(822,'2018-4-22','2019-1-24',13060000,49,71,55),
	(823,'2016-6-16','2017-3-14',6042000,46,183,19),
	(824,'2015-6-14','2015-11-29',18327000,39,183,33),
	(825,'2017-10-1','2018-6-18',16136000,49,165,59),
	(826,'2016-4-3','2016-9-15',3121000,49,212,55),
	(827,'2017-1-5','2017-5-14',18353000,43,189,8),
	(828,'2020-8-13','2021-7-26',8384000,26,70,43),
	(829,'2019-3-10','2019-4-17',16139000,32,136,52),
	(830,'2016-2-15','2016-6-5',4879000,49,190,2),
	(831,'2018-4-23','2018-9-1',2100000,45,84,47),
	(832,'2017-6-17','2018-3-15',16281000,43,214,4),
	(833,'2015-2-19','2015-5-2',9124000,12,7,44),
	(834,'2022-10-1','2023-4-11',2136000,45,218,16),
	(835,'2018-7-16','2019-4-24',6589000,40,86,19),
	(836,'2021-5-16','2022-3-6',1940000,41,44,8),
	(837,'2017-8-3','2017-11-2',14627000,27,17,12),
	(838,'2019-3-19','2019-5-16',19759000,48,16,34),
	(839,'2015-5-31','2016-4-3',9040000,29,45,23),
	(840,'2018-11-23','2019-1-9',16442000,7,111,48),
	(841,'2015-5-15','2015-8-27',15756000,43,119,32),
	(842,'2016-12-9','2017-5-1',11513000,45,63,31),
	(843,'2019-3-26','2019-11-18',11701000,45,130,14),
	(844,'2022-8-22','2023-8-13',9571000,33,152,13),
	(845,'2016-3-1','2017-2-6',1243000,26,23,7),
	(846,'2015-12-11','2016-8-24',3591000,38,51,6),
	(847,'2022-2-1','2022-7-10',5699000,27,74,6),
	(848,'2015-12-17','2016-9-19',3261000,43,165,16),
	(849,'2015-2-8','2016-2-27',5095000,36,41,47),
	(850,'2017-1-15','2017-12-29',18554000,41,40,7),
	(851,'2019-9-10','2019-11-5',7384000,16,76,7),
	(852,'2016-3-31','2016-10-27',16295000,6,145,3),
	(853,'2023-1-16','2023-2-18',14319000,15,200,50),
	(854,'2021-7-30','2021-10-3',10709000,11,150,3),
	(855,'2020-7-16','2021-2-22',11043000,31,115,19),
	(856,'2022-10-20','2023-7-10',9803000,19,21,60),
	(857,'2023-2-21','2023-8-31',8126000,4,74,56),
	(858,'2015-6-27','2016-5-24',4667000,4,159,47),
	(859,'2021-5-2','2021-6-25',12233000,28,132,37),
	(860,'2018-9-30','2019-5-30',14321000,24,113,24),
	(861,'2022-5-12','2022-9-20',9161000,39,34,54),
	(862,'2017-5-13','2017-5-28',6731000,7,189,34),
	(863,'2020-10-7','2021-4-1',1895000,30,75,37),
	(864,'2020-2-5','2020-5-12',13383000,29,12,57),
	(865,'2018-6-4','2018-11-30',15931000,2,100,40),
	(866,'2015-3-3','2015-6-17',4343000,34,103,47),
	(867,'2015-10-16','2016-8-26',1426000,2,151,19),
	(868,'2018-2-23','2019-3-2',13501000,37,32,23),
	(869,'2023-3-30','2024-4-29',9965000,41,56,37),
	(870,'2017-12-18','2018-6-6',5158000,14,33,22),
	(871,'2022-7-9','2023-5-9',14383000,33,221,50),
	(872,'2018-2-11','2018-4-1',8201000,41,68,17),
	(873,'2020-9-12','2021-1-19',5375000,50,219,51),
	(874,'2022-8-2','2022-9-11',12169000,11,26,49),
	(875,'2017-5-10','2017-12-22',10788000,46,191,3),
	(876,'2017-5-30','2018-5-31',10526000,45,181,52),
	(877,'2021-3-25','2021-7-30',8023000,16,10,23),
	(878,'2018-7-8','2019-6-19',6410000,24,194,37),
	(879,'2020-6-16','2021-7-12',2236000,32,81,20),
	(880,'2019-4-8','2019-5-12',1034000,44,195,55),
	(881,'2017-9-3','2017-11-7',6989000,44,164,2),
	(882,'2019-6-29','2019-10-13',1783000,46,185,55),
	(883,'2018-6-23','2019-4-29',19533000,34,209,19),
	(884,'2020-3-8','2021-2-23',6314000,25,3,20),
	(885,'2021-1-11','2021-5-14',5935000,40,68,29),
	(886,'2021-1-22','2021-5-15',8175000,8,131,58),
	(887,'2023-4-17','2023-6-6',8904000,21,48,42),
	(888,'2021-10-20','2022-7-9',8997000,14,109,41),
	(889,'2016-2-15','2016-8-4',1515000,32,74,55),
	(890,'2017-6-6','2018-2-18',11196000,40,58,37),
	(891,'2019-11-13','2019-12-16',10542000,26,69,20),
	(892,'2016-3-22','2016-8-28',12337000,44,166,35),
	(893,'2019-1-18','2019-8-19',6424000,43,219,23),
	(894,'2018-3-11','2018-6-4',7502000,38,77,3),
	(895,'2015-9-23','2016-1-19',1713000,45,150,11),
	(896,'2023-2-27','2023-9-13',14092000,50,218,40),
	(897,'2022-7-8','2023-7-29',16665000,26,147,27),
	(898,'2021-12-14','2022-5-9',19776000,10,174,60),
	(899,'2021-11-29','2022-12-8',3076000,42,182,18),
	(900,'2017-11-13','2018-8-31',9566000,14,201,54),
	(901,'2015-9-10','2016-5-18',9073000,12,114,47),
	(902,'2016-7-7','2017-4-15',13720000,12,222,40),
	(903,'2020-6-14','2020-10-24',7688000,43,121,4),
	(904,'2015-9-15','2016-6-18',12246000,35,141,30),
	(905,'2016-12-30','2017-12-21',8555000,21,119,10),
	(906,'2022-6-1','2022-7-16',17763000,41,53,58),
	(907,'2016-7-28','2017-1-13',6005000,47,215,27),
	(908,'2020-8-11','2020-8-29',3282000,17,76,12),
	(909,'2018-12-22','2019-8-11',2949000,41,26,1),
	(910,'2018-5-11','2019-3-24',6847000,46,45,49),
	(911,'2020-2-29','2020-12-13',13900000,1,211,29),
	(912,'2017-7-2','2018-6-3',11203000,14,117,49),
	(913,'2023-3-6','2023-5-19',14557000,38,63,25),
	(914,'2016-7-2','2017-2-5',12605000,18,73,42),
	(915,'2022-4-9','2022-8-8',3697000,24,206,59),
	(916,'2016-2-5','2017-1-31',13918000,40,195,52),
	(917,'2018-1-2','2018-3-12',1955000,1,127,5),
	(918,'2015-8-11','2015-10-2',12966000,25,91,29),
	(919,'2018-8-2','2018-9-7',6005000,30,193,24),
	(920,'2018-5-23','2018-10-4',14892000,1,176,55),
	(921,'2021-8-29','2021-11-15',13917000,18,100,37),
	(922,'2021-9-16','2022-1-11',11491000,8,17,56),
	(923,'2022-8-4','2022-11-10',14204000,13,151,59),
	(924,'2017-2-8','2017-5-2',16713000,25,72,13),
	(925,'2018-4-30','2018-6-19',3019000,11,160,12),
	(926,'2020-2-17','2020-10-7',16651000,31,152,37),
	(927,'2015-10-25','2016-4-4',2353000,8,159,7),
	(928,'2017-8-16','2018-2-6',17983000,11,52,25),
	(929,'2015-8-10','2016-2-22',1842000,36,213,44),
	(930,'2018-10-14','2019-7-4',14942000,34,22,18),
	(931,'2017-12-12','2018-8-4',3341000,22,80,51),
	(932,'2018-11-29','2019-4-22',17428000,32,104,41),
	(933,'2022-4-30','2022-10-1',6433000,1,13,5),
	(934,'2015-2-3','2015-7-8',6735000,9,77,32),
	(935,'2019-3-19','2019-11-14',11678000,5,97,53),
	(936,'2019-5-15','2019-6-5',14015000,28,164,31),
	(937,'2021-3-20','2021-8-23',17940000,27,6,37),
	(938,'2018-5-27','2019-3-1',16525000,50,85,58),
	(939,'2022-3-21','2022-7-20',13791000,25,91,37),
	(940,'2015-8-14','2015-10-13',9489000,37,182,43),
	(941,'2021-11-25','2022-7-13',7568000,31,136,35),
	(942,'2019-7-8','2019-11-14',9736000,12,92,37),
	(943,'2022-7-22','2023-5-22',19229000,4,13,44),
	(944,'2021-11-18','2022-3-19',12231000,22,6,18),
	(945,'2019-8-7','2019-11-26',2337000,15,169,2),
	(946,'2021-8-1','2021-9-28',4120000,49,175,17),
	(947,'2017-2-11','2017-11-6',2424000,35,182,45),
	(948,'2022-6-28','2022-8-2',8022000,38,173,22),
	(949,'2016-7-1','2016-11-13',8025000,42,120,14),
	(950,'2019-9-15','2019-12-18',19092000,49,17,42),
	(951,'2018-6-9','2018-10-4',2594000,27,141,47),
	(952,'2019-5-21','2020-1-4',11551000,47,172,18),
	(953,'2017-10-12','2018-3-15',3320000,39,3,44),
	(954,'2019-8-1','2019-11-23',10739000,21,180,4),
	(955,'2020-5-5','2020-5-24',7830000,26,83,48),
	(956,'2022-10-17','2023-6-24',2458000,14,198,34),
	(957,'2023-1-14','2023-7-26',13532000,4,54,36),
	(958,'2019-4-30','2019-7-5',12446000,16,12,29),
	(959,'2017-10-14','2018-2-18',5330000,45,72,10),
	(960,'2019-2-9','2019-3-29',6445000,13,46,7),
	(961,'2021-8-9','2021-9-26',12306000,49,194,12),
	(962,'2015-1-18','2015-12-22',18612000,3,96,37),
	(963,'2019-10-11','2020-2-15',6827000,40,51,56),
	(964,'2019-11-22','2020-12-6',6995000,34,131,49),
	(965,'2018-2-28','2018-8-7',2288000,1,45,20),
	(966,'2018-10-25','2019-11-15',12653000,23,102,25),
	(967,'2019-3-23','2019-4-5',9418000,46,159,28),
	(968,'2020-9-19','2021-7-13',3833000,1,131,32),
	(969,'2016-10-20','2016-12-20',15757000,23,98,60),
	(970,'2019-10-30','2019-11-10',2351000,49,131,31),
	(971,'2017-10-7','2018-1-19',8451000,16,4,48),
	(972,'2015-6-26','2015-11-14',5407000,2,198,9),
	(973,'2021-11-27','2022-1-4',9815000,6,93,33),
	(974,'2023-2-21','2023-11-23',8136000,40,45,53),
	(975,'2015-3-2','2015-8-22',3735000,39,61,25),
	(976,'2022-6-9','2023-2-12',10945000,16,49,38),
	(977,'2023-1-30','2024-3-4',5200000,33,107,2),
	(978,'2018-11-5','2019-4-27',16932000,25,67,52),
	(979,'2016-10-17','2016-11-5',19847000,29,27,28),
	(980,'2023-3-3','2024-1-15',13760000,34,169,55),
	(981,'2015-10-25','2016-6-30',19661000,49,150,12),
	(982,'2023-4-10','2023-9-19',17662000,27,141,57),
	(983,'2021-6-16','2022-1-22',10002000,3,88,45),
	(984,'2021-8-1','2022-1-30',6762000,46,74,24),
	(985,'2020-11-28','2021-10-8',2942000,24,158,59),
	(986,'2020-11-27','2020-12-29',13962000,31,93,51),
	(987,'2016-6-8','2016-9-30',13586000,25,76,13),
	(988,'2021-11-29','2022-3-23',12345000,47,203,53),
	(989,'2018-8-6','2019-5-14',8957000,12,95,21),
	(990,'2020-8-18','2021-9-5',2533000,34,32,37),
	(991,'2021-3-21','2021-7-30',7954000,41,139,58),
	(992,'2020-3-29','2020-11-21',11404000,47,156,58),
	(993,'2023-4-12','2024-5-7',16247000,28,153,12),
	(994,'2018-7-25','2018-9-8',16411000,19,147,10),
	(995,'2022-10-4','2023-10-26',16873000,3,176,2),
	(996,'2018-4-17','2019-3-27',2920000,24,117,54),
	(997,'2019-11-26','2020-7-28',14380000,38,114,29),
	(998,'2019-10-28','2020-2-19',1169000,43,22,15),
	(999,'2021-1-8','2021-11-17',14341000,6,195,40),
	(1000,'2018-7-6','2019-5-26',17043000,25,166,40);
	
INSERT INTO hop_dong_chi_tiet(ma_hop_dong_chi_tiet, ma_hop_dong, ma_dich_vu_di_kem)
VALUES
	(1,728,5),
	(2,985,3),
	(3,468,4),
	(4,658,5),
	(5,457,3),
	(6,102,2),
	(7,81,4),
	(8,26,2),
	(9,375,2),
	(10,539,4),
	(11,511,3),
	(12,244,3),
	(13,708,3),
	(14,466,2),
	(15,714,5),
	(16,787,3),
	(17,127,4),
	(18,722,3),
	(19,535,1),
	(20,439,1),
	(21,444,3),
	(22,201,5),
	(23,200,4),
	(24,990,1),
	(25,175,2),
	(26,933,4),
	(27,508,4),
	(28,6,4),
	(29,685,3),
	(30,738,3),
	(31,278,4),
	(32,937,3),
	(33,858,1),
	(34,969,2),
	(35,270,1),
	(36,799,3),
	(37,694,4),
	(38,945,3),
	(39,537,5),
	(40,681,4),
	(41,79,2),
	(42,385,1),
	(43,498,1),
	(44,505,1),
	(45,255,1),
	(46,228,1),
	(47,15,4),
	(48,318,4),
	(49,838,4),
	(50,577,3),
	(51,370,5),
	(52,50,3),
	(53,890,1),
	(54,123,4),
	(55,995,5),
	(56,601,4),
	(57,131,1),
	(58,338,5),
	(59,178,3),
	(60,317,5),
	(61,474,4),
	(62,270,3),
	(63,493,5),
	(64,45,4),
	(65,619,1),
	(66,890,1),
	(67,818,5),
	(68,442,1),
	(69,843,4),
	(70,557,1),
	(71,867,4),
	(72,593,5),
	(73,683,5),
	(74,933,4),
	(75,195,4),
	(76,688,5),
	(77,581,1),
	(78,178,2),
	(79,328,1),
	(80,282,1),
	(81,774,2),
	(82,795,4),
	(83,591,3),
	(84,7,3),
	(85,112,2),
	(86,976,2),
	(87,315,5),
	(88,968,1),
	(89,106,5),
	(90,52,2),
	(91,88,5),
	(92,847,5),
	(93,982,5),
	(94,813,5),
	(95,397,3),
	(96,652,2),
	(97,655,4),
	(98,920,5),
	(99,376,2),
	(100,432,5),
	(101,373,4),
	(102,573,5),
	(103,14,1),
	(104,680,5),
	(105,811,2),
	(106,789,1),
	(107,868,1),
	(108,10,3),
	(109,461,4),
	(110,190,3),
	(111,948,5),
	(112,121,2),
	(113,344,3),
	(114,481,1),
	(115,750,1),
	(116,167,4),
	(117,861,3),
	(118,34,2),
	(119,531,3),
	(120,809,2),
	(121,353,3),
	(122,970,3),
	(123,931,2),
	(124,255,5),
	(125,243,1),
	(126,815,4),
	(127,817,3),
	(128,140,3),
	(129,156,4),
	(130,436,1),
	(131,785,4),
	(132,779,3),
	(133,470,3),
	(134,208,4),
	(135,940,3),
	(136,578,4),
	(137,598,5),
	(138,130,4),
	(139,257,5),
	(140,197,2),
	(141,371,4),
	(142,243,2),
	(143,907,2),
	(144,599,5),
	(145,738,3),
	(146,509,5),
	(147,828,5),
	(148,909,5),
	(149,119,5),
	(150,522,2),
	(151,282,3),
	(152,494,4),
	(153,283,3),
	(154,854,1),
	(155,341,3),
	(156,628,1),
	(157,535,4),
	(158,376,5),
	(159,952,3),
	(160,323,4),
	(161,583,4),
	(162,847,4),
	(163,506,1),
	(164,331,5),
	(165,842,3),
	(166,968,4),
	(167,455,4),
	(168,821,1),
	(169,250,4),
	(170,447,2),
	(171,857,3),
	(172,757,5),
	(173,236,4),
	(174,255,3),
	(175,450,4),
	(176,389,1),
	(177,239,1),
	(178,553,5),
	(179,356,2),
	(180,107,2),
	(181,275,4),
	(182,665,1),
	(183,124,4),
	(184,166,4),
	(185,564,4),
	(186,133,3),
	(187,273,1),
	(188,883,4),
	(189,132,4),
	(190,815,5),
	(191,208,5),
	(192,99,4),
	(193,900,1),
	(194,475,2),
	(195,74,1),
	(196,319,5),
	(197,740,4),
	(198,860,1),
	(199,216,5),
	(200,974,3),
	(201,518,2),
	(202,917,2),
	(203,70,5),
	(204,43,5),
	(205,253,3),
	(206,171,5),
	(207,761,1),
	(208,515,3),
	(209,893,4),
	(210,896,5),
	(211,713,1),
	(212,77,5),
	(213,198,4),
	(214,80,5),
	(215,287,5),
	(216,747,3),
	(217,133,3),
	(218,237,4),
	(219,237,2),
	(220,99,4),
	(221,760,3),
	(222,218,5),
	(223,521,2),
	(224,766,1),
	(225,252,3),
	(226,574,2),
	(227,76,2),
	(228,659,1),
	(229,982,1),
	(230,112,3),
	(231,932,5),
	(232,718,5),
	(233,844,3),
	(234,379,3),
	(235,380,5),
	(236,676,4),
	(237,41,1),
	(238,865,1),
	(239,154,2),
	(240,865,2),
	(241,749,1),
	(242,406,5),
	(243,498,4),
	(244,279,3),
	(245,392,3),
	(246,972,3),
	(247,571,5),
	(248,422,5),
	(249,721,2),
	(250,894,3),
	(251,754,1),
	(252,517,3),
	(253,708,3),
	(254,734,2),
	(255,581,5),
	(256,202,4),
	(257,61,2),
	(258,258,5),
	(259,155,2),
	(260,808,3),
	(261,851,2),
	(262,459,3),
	(263,513,2),
	(264,674,1),
	(265,513,3),
	(266,38,1),
	(267,549,3),
	(268,652,5),
	(269,997,1),
	(270,488,3),
	(271,257,5),
	(272,328,5),
	(273,506,4),
	(274,949,3),
	(275,359,2),
	(276,716,3),
	(277,553,4),
	(278,233,4),
	(279,257,4),
	(280,229,1),
	(281,139,3),
	(282,684,2),
	(283,956,1),
	(284,224,4),
	(285,310,5),
	(286,471,4),
	(287,8,2),
	(288,426,4),
	(289,298,4),
	(290,909,1),
	(291,687,3),
	(292,951,5),
	(293,415,3),
	(294,362,5),
	(295,600,5),
	(296,389,3),
	(297,677,3),
	(298,711,1),
	(299,277,4),
	(300,767,1),
	(301,611,5),
	(302,378,4),
	(303,256,1),
	(304,581,1),
	(305,673,3),
	(306,340,4),
	(307,775,1),
	(308,479,2),
	(309,418,3),
	(310,25,4),
	(311,888,4),
	(312,647,4),
	(313,344,4),
	(314,141,1),
	(315,819,1),
	(316,587,5),
	(317,408,1),
	(318,629,5),
	(319,371,2),
	(320,233,3),
	(321,977,5),
	(322,915,4),
	(323,709,3),
	(324,829,5),
	(325,473,5),
	(326,378,2),
	(327,983,4),
	(328,735,4),
	(329,659,4),
	(330,824,4),
	(331,590,2),
	(332,903,4),
	(333,780,4),
	(334,862,3),
	(335,80,3),
	(336,320,1),
	(337,259,4),
	(338,478,3),
	(339,234,4),
	(340,969,5),
	(341,439,3),
	(342,976,5),
	(343,516,4),
	(344,239,4),
	(345,4,1),
	(346,250,4),
	(347,643,1),
	(348,547,4),
	(349,599,5),
	(350,651,5),
	(351,544,1),
	(352,220,4),
	(353,588,3),
	(354,128,5),
	(355,540,2),
	(356,473,5),
	(357,841,5),
	(358,687,1),
	(359,995,5),
	(360,173,2),
	(361,391,5),
	(362,885,4),
	(363,16,5),
	(364,559,2),
	(365,358,3),
	(366,568,4),
	(367,190,2),
	(368,175,5),
	(369,656,1),
	(370,483,5),
	(371,419,5),
	(372,172,1),
	(373,371,5),
	(374,477,2),
	(375,643,2),
	(376,29,5),
	(377,240,5),
	(378,474,2),
	(379,842,5),
	(380,75,2),
	(381,963,3),
	(382,290,2),
	(383,345,1),
	(384,166,2),
	(385,277,2),
	(386,504,5),
	(387,527,2),
	(388,662,2),
	(389,446,1),
	(390,71,4),
	(391,953,2),
	(392,700,4),
	(393,422,4),
	(394,603,4),
	(395,837,3),
	(396,828,2),
	(397,224,2),
	(398,295,1),
	(399,938,2),
	(400,508,1),
	(401,632,4),
	(402,486,4),
	(403,174,5),
	(404,932,2),
	(405,922,2),
	(406,850,3),
	(407,705,5),
	(408,276,1),
	(409,981,3),
	(410,496,1),
	(411,339,1),
	(412,674,4),
	(413,62,2),
	(414,286,4),
	(415,885,3),
	(416,436,5),
	(417,766,4),
	(418,442,2),
	(419,437,4),
	(420,904,2),
	(421,856,1),
	(422,2,4),
	(423,488,3),
	(424,787,2),
	(425,137,4),
	(426,760,3),
	(427,743,2),
	(428,118,1),
	(429,351,4),
	(430,38,5),
	(431,246,5),
	(432,891,1),
	(433,488,5),
	(434,333,2),
	(435,80,4),
	(436,726,4),
	(437,760,5),
	(438,21,2),
	(439,67,5),
	(440,748,3),
	(441,555,2),
	(442,505,4),
	(443,499,5),
	(444,672,5),
	(445,717,5),
	(446,597,3),
	(447,248,2),
	(448,48,2),
	(449,641,4),
	(450,529,5),
	(451,546,5),
	(452,712,1),
	(453,591,4),
	(454,799,4),
	(455,467,1),
	(456,177,3),
	(457,777,4),
	(458,136,2),
	(459,783,4),
	(460,876,5),
	(461,418,1),
	(462,608,2),
	(463,902,1),
	(464,281,3),
	(465,803,2),
	(466,454,3),
	(467,747,4),
	(468,698,1),
	(469,826,4),
	(470,931,4),
	(471,269,5),
	(472,837,4),
	(473,322,3),
	(474,670,1),
	(475,966,4),
	(476,343,2),
	(477,665,2),
	(478,269,3),
	(479,836,4),
	(480,124,4),
	(481,159,5),
	(482,48,1),
	(483,726,1),
	(484,206,1),
	(485,99,4),
	(486,946,5),
	(487,208,5),
	(488,973,3),
	(489,745,1),
	(490,428,2),
	(491,910,3),
	(492,862,2),
	(493,277,5),
	(494,188,1),
	(495,318,5),
	(496,966,1),
	(497,400,4),
	(498,673,4),
	(499,993,2),
	(500,662,3),
	(501,943,1),
	(502,957,1),
	(503,593,1),
	(504,536,2),
	(505,578,1),
	(506,807,5),
	(507,998,1),
	(508,446,5),
	(509,743,1),
	(510,730,2),
	(511,242,1),
	(512,415,4),
	(513,659,4),
	(514,187,4),
	(515,782,2),
	(516,37,5),
	(517,288,3),
	(518,523,2),
	(519,455,1),
	(520,295,1),
	(521,786,5),
	(522,470,2),
	(523,473,5),
	(524,530,4),
	(525,789,5),
	(526,215,2),
	(527,329,5),
	(528,734,5),
	(529,531,3),
	(530,718,2),
	(531,921,3),
	(532,54,2),
	(533,766,4),
	(534,244,5),
	(535,988,3),
	(536,942,1),
	(537,693,4),
	(538,282,1),
	(539,183,3),
	(540,293,4),
	(541,316,1),
	(542,716,1),
	(543,420,1),
	(544,335,1),
	(545,861,3),
	(546,191,1),
	(547,120,1),
	(548,245,4),
	(549,229,3),
	(550,375,4),
	(551,773,2),
	(552,777,3),
	(553,312,5),
	(554,57,5),
	(555,17,4),
	(556,803,5),
	(557,614,2),
	(558,203,1),
	(559,5,5),
	(560,103,2),
	(561,301,4),
	(562,96,2),
	(563,846,5),
	(564,234,5),
	(565,227,5),
	(566,814,3),
	(567,34,2),
	(568,452,1),
	(569,81,2),
	(570,427,2),
	(571,685,1),
	(572,260,3),
	(573,993,2),
	(574,331,3),
	(575,757,5),
	(576,553,1),
	(577,963,4),
	(578,809,4),
	(579,901,4),
	(580,351,1),
	(581,578,5),
	(582,527,2),
	(583,940,1),
	(584,1,3),
	(585,318,3),
	(586,252,2),
	(587,736,5),
	(588,791,2),
	(589,938,5),
	(590,974,4),
	(591,881,4),
	(592,878,4),
	(593,851,2),
	(594,180,3),
	(595,113,4),
	(596,645,2),
	(597,491,2),
	(598,89,5),
	(599,667,1),
	(600,149,5),
	(601,681,5),
	(602,934,3),
	(603,584,5),
	(604,18,5),
	(605,141,1),
	(606,721,3),
	(607,245,3),
	(608,481,5),
	(609,627,4),
	(610,330,4),
	(611,233,1),
	(612,671,5),
	(613,195,5),
	(614,527,3),
	(615,609,2),
	(616,23,5),
	(617,778,5),
	(618,695,3),
	(619,479,1),
	(620,669,4),
	(621,764,4),
	(622,546,1),
	(623,91,2),
	(624,67,2),
	(625,271,3),
	(626,989,2),
	(627,427,4),
	(628,824,4),
	(629,992,1),
	(630,576,4),
	(631,107,2),
	(632,761,3),
	(633,508,4),
	(634,339,4),
	(635,860,3),
	(636,829,4),
	(637,782,1),
	(638,15,2),
	(639,17,2),
	(640,701,2),
	(641,953,4),
	(642,92,1),
	(643,917,3),
	(644,742,2),
	(645,2,1),
	(646,949,3),
	(647,342,4),
	(648,981,3),
	(649,407,3),
	(650,614,1),
	(651,129,3),
	(652,277,4),
	(653,539,5),
	(654,633,5),
	(655,814,5),
	(656,563,5),
	(657,498,3),
	(658,825,2),
	(659,24,1),
	(660,647,4),
	(661,959,5),
	(662,570,3),
	(663,319,1),
	(664,442,1),
	(665,736,4),
	(666,435,4),
	(667,343,1),
	(668,733,2),
	(669,965,2),
	(670,898,4),
	(671,482,5),
	(672,705,1),
	(673,382,4),
	(674,403,4),
	(675,643,3),
	(676,215,5),
	(677,571,5),
	(678,284,4),
	(679,463,5),
	(680,488,5),
	(681,477,1),
	(682,395,1),
	(683,577,5),
	(684,232,5),
	(685,249,1),
	(686,136,4),
	(687,774,3),
	(688,422,1),
	(689,170,4),
	(690,832,3),
	(691,976,2),
	(692,94,5),
	(693,121,5),
	(694,398,5),
	(695,928,1),
	(696,468,3),
	(697,492,3),
	(698,340,4),
	(699,201,5),
	(700,206,1),
	(701,319,3),
	(702,502,2),
	(703,331,1),
	(704,634,2),
	(705,346,1),
	(706,777,5),
	(707,943,3),
	(708,216,3),
	(709,545,2),
	(710,821,1),
	(711,840,2),
	(712,935,5),
	(713,318,2),
	(714,964,4),
	(715,723,2),
	(716,44,5),
	(717,608,2),
	(718,594,4),
	(719,337,5),
	(720,849,4),
	(721,732,1),
	(722,974,2),
	(723,240,5),
	(724,798,1),
	(725,339,3),
	(726,627,5),
	(727,11,2),
	(728,262,3),
	(729,850,2),
	(730,511,3),
	(731,805,4),
	(732,357,2),
	(733,897,2),
	(734,490,4),
	(735,679,1),
	(736,421,4),
	(737,499,3),
	(738,687,4),
	(739,299,4),
	(740,363,2),
	(741,690,5),
	(742,643,5),
	(743,718,5),
	(744,48,3),
	(745,370,5),
	(746,386,4),
	(747,445,5),
	(748,284,4),
	(749,313,2),
	(750,280,1),
	(751,235,1),
	(752,998,1),
	(753,174,1),
	(754,836,1),
	(755,653,5),
	(756,301,3),
	(757,916,4),
	(758,285,2),
	(759,939,5),
	(760,869,4),
	(761,478,3),
	(762,187,5),
	(763,639,4),
	(764,656,4),
	(765,883,4),
	(766,860,5),
	(767,837,2),
	(768,629,3),
	(769,673,2),
	(770,163,4),
	(771,450,3),
	(772,513,2),
	(773,702,4),
	(774,671,2),
	(775,312,5),
	(776,345,1),
	(777,881,3),
	(778,326,4),
	(779,927,2),
	(780,426,5),
	(781,980,1),
	(782,393,1),
	(783,310,2),
	(784,163,5),
	(785,994,4),
	(786,851,3),
	(787,529,4),
	(788,761,4),
	(789,267,2),
	(790,843,1),
	(791,793,4),
	(792,79,3),
	(793,538,2),
	(794,367,4),
	(795,46,4),
	(796,126,2),
	(797,794,4),
	(798,257,4),
	(799,394,2),
	(800,731,1),
	(801,403,4),
	(802,507,2),
	(803,770,4),
	(804,941,2),
	(805,38,4),
	(806,945,5),
	(807,410,2),
	(808,645,3),
	(809,263,1),
	(810,235,3),
	(811,226,3),
	(812,907,2),
	(813,361,5),
	(814,829,3),
	(815,386,1),
	(816,540,3),
	(817,632,2),
	(818,955,3),
	(819,577,5),
	(820,190,3),
	(821,479,4),
	(822,402,4),
	(823,671,2),
	(824,809,5),
	(825,739,3),
	(826,460,2),
	(827,415,2),
	(828,975,1),
	(829,740,1),
	(830,677,1),
	(831,560,1),
	(832,641,5),
	(833,970,4),
	(834,567,4),
	(835,856,4),
	(836,577,2),
	(837,699,5),
	(838,10,2),
	(839,989,4),
	(840,554,1),
	(841,884,2),
	(842,376,3),
	(843,930,4),
	(844,507,5),
	(845,389,2),
	(846,990,1),
	(847,941,1),
	(848,454,2),
	(849,160,2),
	(850,575,2),
	(851,733,2),
	(852,939,5),
	(853,212,4),
	(854,303,4),
	(855,6,2),
	(856,648,4),
	(857,60,1),
	(858,793,5),
	(859,209,5),
	(860,916,5),
	(861,364,1),
	(862,264,3),
	(863,978,3),
	(864,294,1),
	(865,949,2),
	(866,795,4),
	(867,790,2),
	(868,44,2),
	(869,417,5),
	(870,908,3),
	(871,71,5),
	(872,226,2),
	(873,32,1),
	(874,224,1),
	(875,959,3),
	(876,932,4),
	(877,130,4),
	(878,175,3),
	(879,600,5),
	(880,162,2),
	(881,792,3),
	(882,452,3),
	(883,167,3),
	(884,385,2),
	(885,465,3),
	(886,233,3),
	(887,914,4),
	(888,754,3),
	(889,794,1),
	(890,843,1),
	(891,492,1),
	(892,328,2),
	(893,838,2),
	(894,433,4),
	(895,124,5),
	(896,338,3),
	(897,2,1),
	(898,787,2),
	(899,4,4),
	(900,130,5),
	(901,71,2),
	(902,723,1),
	(903,483,3),
	(904,670,3),
	(905,818,3),
	(906,820,1),
	(907,241,1),
	(908,226,4),
	(909,357,1),
	(910,461,1),
	(911,807,4),
	(912,829,1),
	(913,582,4),
	(914,128,5),
	(915,692,4),
	(916,977,5),
	(917,76,5),
	(918,703,5),
	(919,891,4),
	(920,326,2),
	(921,30,5),
	(922,505,3),
	(923,298,1),
	(924,305,3),
	(925,28,1),
	(926,783,2),
	(927,966,3),
	(928,699,5),
	(929,681,1),
	(930,830,1),
	(931,75,4),
	(932,133,5),
	(933,251,1),
	(934,276,2),
	(935,169,2),
	(936,728,4),
	(937,800,3),
	(938,505,4),
	(939,519,5),
	(940,242,5),
	(941,110,4),
	(942,655,5),
	(943,759,4),
	(944,381,3),
	(945,833,4),
	(946,122,3),
	(947,551,2),
	(948,51,4),
	(949,677,1),
	(950,324,4),
	(951,657,5),
	(952,792,3),
	(953,737,5),
	(954,224,1),
	(955,825,3),
	(956,602,4),
	(957,736,4),
	(958,289,4),
	(959,223,3),
	(960,809,3),
	(961,470,5),
	(962,898,4),
	(963,266,3),
	(964,300,3),
	(965,231,2),
	(966,786,5),
	(967,391,1),
	(968,881,1),
	(969,508,1),
	(970,7,4),
	(971,569,1),
	(972,88,1),
	(973,763,5),
	(974,239,2),
	(975,24,1),
	(976,358,4),
	(977,223,3),
	(978,119,5),
	(979,225,2),
	(980,102,3),
	(981,511,5),
	(982,82,4),
	(983,810,5),
	(984,186,1),
	(985,907,5),
	(986,177,3),
	(987,165,3),
	(988,803,2),
	(989,799,4),
	(990,315,1),
	(991,170,3),
	(992,745,3),
	(993,770,3),
	(994,790,3),
	(995,2,5),
	(996,191,3),
	(997,367,2),
	(998,330,3),
	(999,25,5),
	(1000,437,1),
	(1001,689,3),
	(1002,914,2),
	(1003,302,5),
	(1004,44,2),
	(1005,938,4),
	(1006,110,1),
	(1007,981,1),
	(1008,28,1),
	(1009,640,4),
	(1010,876,2),
	(1011,911,1),
	(1012,543,4),
	(1013,930,1),
	(1014,942,2),
	(1015,692,2),
	(1016,383,2),
	(1017,407,4),
	(1018,741,2),
	(1019,12,4),
	(1020,495,5),
	(1021,525,1),
	(1022,5,1),
	(1023,1000,1),
	(1024,469,2),
	(1025,966,2),
	(1026,707,4),
	(1027,411,4),
	(1028,350,2),
	(1029,853,5),
	(1030,23,3),
	(1031,951,3),
	(1032,426,2),
	(1033,580,5),
	(1034,940,3),
	(1035,898,4),
	(1036,49,1),
	(1037,73,1),
	(1038,192,4),
	(1039,175,4),
	(1040,93,4),
	(1041,123,1),
	(1042,149,3),
	(1043,405,1),
	(1044,848,5),
	(1045,920,2),
	(1046,520,1),
	(1047,349,2),
	(1048,923,4),
	(1049,458,2),
	(1050,645,3),
	(1051,490,1),
	(1052,508,5),
	(1053,326,4),
	(1054,890,1),
	(1055,959,2),
	(1056,115,2),
	(1057,655,4),
	(1058,140,3),
	(1059,216,3),
	(1060,869,5),
	(1061,194,2),
	(1062,384,2),
	(1063,851,2),
	(1064,204,4),
	(1065,689,3),
	(1066,124,4),
	(1067,621,1),
	(1068,500,1),
	(1069,387,4),
	(1070,967,2),
	(1071,668,4),
	(1072,482,1),
	(1073,243,4),
	(1074,240,4),
	(1075,39,4),
	(1076,153,3),
	(1077,512,4),
	(1078,129,1),
	(1079,364,1),
	(1080,608,4),
	(1081,36,3),
	(1082,823,4),
	(1083,470,2),
	(1084,138,4),
	(1085,718,2),
	(1086,135,3),
	(1087,218,5),
	(1088,516,2),
	(1089,182,4),
	(1090,903,4),
	(1091,79,2),
	(1092,328,2),
	(1093,15,3),
	(1094,120,3),
	(1095,703,4),
	(1096,854,3),
	(1097,831,5),
	(1098,482,1),
	(1099,692,5),
	(1100,170,2),
	(1101,291,4),
	(1102,5,5),
	(1103,76,2),
	(1104,823,2),
	(1105,247,2),
	(1106,359,2),
	(1107,340,4),
	(1108,99,2),
	(1109,36,3),
	(1110,1,3),
	(1111,917,4),
	(1112,968,2),
	(1113,551,4),
	(1114,959,1),
	(1115,511,5),
	(1116,38,5),
	(1117,61,1),
	(1118,318,5),
	(1119,445,2),
	(1120,851,1),
	(1121,770,1),
	(1122,131,5),
	(1123,114,2),
	(1124,17,1),
	(1125,59,5),
	(1126,876,1),
	(1127,69,5),
	(1128,594,1),
	(1129,865,4),
	(1130,368,1),
	(1131,442,4),
	(1132,484,1),
	(1133,611,4),
	(1134,753,5),
	(1135,11,3),
	(1136,966,5),
	(1137,978,5),
	(1138,272,5),
	(1139,462,2),
	(1140,373,1),
	(1141,343,5),
	(1142,684,2),
	(1143,520,3),
	(1144,73,3),
	(1145,294,1),
	(1146,410,5),
	(1147,385,5),
	(1148,967,2),
	(1149,11,4),
	(1150,923,3),
	(1151,516,5),
	(1152,154,5),
	(1153,741,3),
	(1154,622,4),
	(1155,218,1),
	(1156,398,5),
	(1157,574,3),
	(1158,783,4),
	(1159,317,1),
	(1160,728,2),
	(1161,710,3),
	(1162,597,1),
	(1163,980,4),
	(1164,870,1),
	(1165,726,3),
	(1166,381,5),
	(1167,790,5),
	(1168,506,3),
	(1169,425,3),
	(1170,931,4),
	(1171,846,2),
	(1172,307,2),
	(1173,173,3),
	(1174,985,1),
	(1175,416,5),
	(1176,994,3),
	(1177,449,1),
	(1178,81,1),
	(1179,352,1),
	(1180,124,1),
	(1181,428,1),
	(1182,748,1),
	(1183,700,4),
	(1184,32,5),
	(1185,977,5),
	(1186,477,2),
	(1187,805,3),
	(1188,227,5),
	(1189,892,5),
	(1190,325,3),
	(1191,909,3),
	(1192,582,2),
	(1193,689,5),
	(1194,470,2),
	(1195,979,2),
	(1196,849,4),
	(1197,440,5),
	(1198,632,3),
	(1199,167,1),
	(1200,443,5),
	(1201,337,5),
	(1202,422,2),
	(1203,174,5),
	(1204,710,4),
	(1205,401,3),
	(1206,96,2),
	(1207,988,2),
	(1208,665,1),
	(1209,885,2),
	(1210,144,3),
	(1211,612,4),
	(1212,951,5),
	(1213,915,4),
	(1214,685,4),
	(1215,846,4),
	(1216,248,4),
	(1217,189,5),
	(1218,767,5),
	(1219,124,3),
	(1220,103,2),
	(1221,345,4),
	(1222,846,4),
	(1223,91,5),
	(1224,376,2),
	(1225,732,5),
	(1226,167,1),
	(1227,354,5),
	(1228,596,5),
	(1229,377,3),
	(1230,951,5),
	(1231,453,5),
	(1232,93,5),
	(1233,985,2),
	(1234,269,5),
	(1235,38,2),
	(1236,41,5),
	(1237,823,4),
	(1238,495,5),
	(1239,244,2),
	(1240,908,1),
	(1241,226,4),
	(1242,897,1),
	(1243,534,2),
	(1244,746,1),
	(1245,781,1),
	(1246,714,1),
	(1247,332,5),
	(1248,683,1),
	(1249,485,3),
	(1250,76,2),
	(1251,319,3),
	(1252,648,3),
	(1253,274,3),
	(1254,11,1),
	(1255,809,4),
	(1256,84,3),
	(1257,29,5),
	(1258,862,3),
	(1259,930,2),
	(1260,461,4),
	(1261,21,2),
	(1262,365,5),
	(1263,713,3),
	(1264,375,3),
	(1265,497,1),
	(1266,431,2),
	(1267,687,1),
	(1268,237,3),
	(1269,546,2),
	(1270,807,1),
	(1271,635,4),
	(1272,174,3),
	(1273,180,3),
	(1274,887,4),
	(1275,341,2),
	(1276,592,2),
	(1277,964,4),
	(1278,669,5),
	(1279,588,4),
	(1280,664,1),
	(1281,983,3),
	(1282,286,4),
	(1283,452,5),
	(1284,347,1),
	(1285,881,3),
	(1286,280,3),
	(1287,772,3),
	(1288,740,3),
	(1289,57,2),
	(1290,860,3),
	(1291,980,5),
	(1292,415,3),
	(1293,154,4),
	(1294,715,4),
	(1295,807,4),
	(1296,926,4),
	(1297,246,1),
	(1298,793,5),
	(1299,654,2),
	(1300,295,2),
	(1301,907,4),
	(1302,17,5),
	(1303,969,5),
	(1304,418,3),
	(1305,988,2),
	(1306,694,1),
	(1307,829,1),
	(1308,503,3),
	(1309,866,2),
	(1310,458,3),
	(1311,219,4),
	(1312,858,3),
	(1313,177,1),
	(1314,830,1),
	(1315,29,4),
	(1316,949,1),
	(1317,221,3),
	(1318,655,4),
	(1319,808,2),
	(1320,793,5),
	(1321,330,3),
	(1322,525,4),
	(1323,451,1),
	(1324,218,2),
	(1325,520,2),
	(1326,676,4),
	(1327,763,2),
	(1328,603,4),
	(1329,868,5),
	(1330,62,2),
	(1331,673,4),
	(1332,97,1),
	(1333,576,3),
	(1334,249,1),
	(1335,653,3),
	(1336,410,3),
	(1337,142,4),
	(1338,418,3),
	(1339,909,5),
	(1340,213,1),
	(1341,536,2),
	(1342,777,4),
	(1343,458,4),
	(1344,160,1),
	(1345,576,1),
	(1346,538,3),
	(1347,741,3),
	(1348,28,1),
	(1349,747,1),
	(1350,201,4),
	(1351,915,3),
	(1352,869,4),
	(1353,12,3),
	(1354,687,5),
	(1355,884,1),
	(1356,386,2),
	(1357,796,3),
	(1358,783,1),
	(1359,726,5),
	(1360,982,2),
	(1361,329,3),
	(1362,511,2),
	(1363,654,5),
	(1364,888,3),
	(1365,850,1),
	(1366,555,4),
	(1367,137,3),
	(1368,644,5),
	(1369,513,4),
	(1370,898,2),
	(1371,806,4),
	(1372,197,2),
	(1373,86,3),
	(1374,54,5),
	(1375,742,2),
	(1376,438,3),
	(1377,844,5),
	(1378,561,3),
	(1379,938,5),
	(1380,926,4),
	(1381,68,5),
	(1382,472,3),
	(1383,419,2),
	(1384,642,3),
	(1385,769,4),
	(1386,150,3),
	(1387,207,2),
	(1388,916,2),
	(1389,564,1),
	(1390,324,1),
	(1391,995,5),
	(1392,192,1),
	(1393,644,1),
	(1394,146,4),
	(1395,416,1),
	(1396,674,4),
	(1397,310,4),
	(1398,322,4),
	(1399,734,2),
	(1400,60,4),
	(1401,550,3),
	(1402,434,2),
	(1403,221,1),
	(1404,532,2),
	(1405,480,2),
	(1406,794,2),
	(1407,770,1),
	(1408,267,2),
	(1409,308,1),
	(1410,376,5),
	(1411,619,1),
	(1412,699,3),
	(1413,307,5),
	(1414,487,4),
	(1415,27,3),
	(1416,7,1),
	(1417,398,3),
	(1418,26,3),
	(1419,244,4),
	(1420,55,5),
	(1421,152,2),
	(1422,779,4),
	(1423,753,4),
	(1424,519,4),
	(1425,980,5),
	(1426,779,1),
	(1427,805,1),
	(1428,59,4),
	(1429,186,2),
	(1430,758,5),
	(1431,121,2),
	(1432,105,5),
	(1433,869,1),
	(1434,164,1),
	(1435,407,3),
	(1436,779,1),
	(1437,694,3),
	(1438,688,5),
	(1439,287,5),
	(1440,839,1),
	(1441,530,2),
	(1442,741,1),
	(1443,293,3),
	(1444,834,4),
	(1445,490,4),
	(1446,130,1),
	(1447,262,4),
	(1448,452,5),
	(1449,486,5),
	(1450,406,4),
	(1451,986,4),
	(1452,412,5),
	(1453,561,3),
	(1454,673,1),
	(1455,85,4),
	(1456,570,2),
	(1457,573,4),
	(1458,13,5),
	(1459,174,2),
	(1460,164,4),
	(1461,210,4),
	(1462,568,5),
	(1463,461,1),
	(1464,337,5),
	(1465,831,3),
	(1466,503,4),
	(1467,399,1),
	(1468,617,1),
	(1469,81,1),
	(1470,911,3),
	(1471,870,5),
	(1472,964,3),
	(1473,577,3),
	(1474,903,1),
	(1475,300,4),
	(1476,560,5),
	(1477,404,3),
	(1478,298,4),
	(1479,636,3),
	(1480,858,2),
	(1481,327,1),
	(1482,155,3),
	(1483,477,4),
	(1484,339,4),
	(1485,899,4),
	(1486,273,5),
	(1487,962,5),
	(1488,471,4),
	(1489,257,5),
	(1490,322,1),
	(1491,498,1),
	(1492,435,5),
	(1493,844,2),
	(1494,644,4),
	(1495,802,2),
	(1496,985,1),
	(1497,515,4),
	(1498,109,3),
	(1499,319,3),
	(1500,315,2),
	(1501,852,3),
	(1502,61,3),
	(1503,303,5),
	(1504,969,2),
	(1505,708,3),
	(1506,513,1),
	(1507,567,3),
	(1508,865,4),
	(1509,783,5),
	(1510,894,3),
	(1511,251,2),
	(1512,226,3),
	(1513,970,1),
	(1514,546,5),
	(1515,74,3),
	(1516,75,2),
	(1517,689,2),
	(1518,457,4),
	(1519,859,1),
	(1520,508,3),
	(1521,190,1),
	(1522,337,5),
	(1523,140,1),
	(1524,223,5),
	(1525,202,1),
	(1526,100,1),
	(1527,553,2),
	(1528,283,3),
	(1529,958,1),
	(1530,12,2),
	(1531,778,5),
	(1532,639,1),
	(1533,627,1),
	(1534,690,1),
	(1535,123,1),
	(1536,354,1),
	(1537,794,3),
	(1538,681,2),
	(1539,423,3),
	(1540,678,1),
	(1541,685,2),
	(1542,807,1),
	(1543,797,1),
	(1544,957,1),
	(1545,87,3),
	(1546,951,5),
	(1547,927,5),
	(1548,442,2),
	(1549,507,5),
	(1550,694,5),
	(1551,461,3),
	(1552,794,4),
	(1553,494,2),
	(1554,139,1),
	(1555,844,3),
	(1556,461,4),
	(1557,751,5),
	(1558,287,2),
	(1559,228,3),
	(1560,487,3),
	(1561,919,2),
	(1562,434,3),
	(1563,114,1),
	(1564,558,1),
	(1565,718,3),
	(1566,647,4),
	(1567,447,4),
	(1568,93,3),
	(1569,415,3),
	(1570,45,3),
	(1571,277,3),
	(1572,286,3),
	(1573,346,1),
	(1574,331,4),
	(1575,87,1),
	(1576,374,2),
	(1577,311,2),
	(1578,831,2),
	(1579,101,4),
	(1580,132,2),
	(1581,809,5),
	(1582,153,3),
	(1583,525,2),
	(1584,899,4),
	(1585,608,5),
	(1586,96,5),
	(1587,661,1),
	(1588,567,5),
	(1589,595,4),
	(1590,669,4),
	(1591,230,5),
	(1592,737,3),
	(1593,293,1),
	(1594,658,2),
	(1595,983,4),
	(1596,645,3),
	(1597,781,5),
	(1598,824,5),
	(1599,900,4),
	(1600,600,4),
	(1601,975,2),
	(1602,39,5),
	(1603,1,1),
	(1604,912,3),
	(1605,915,3),
	(1606,982,4),
	(1607,474,4),
	(1608,729,2),
	(1609,332,5),
	(1610,17,2),
	(1611,466,4),
	(1612,71,4),
	(1613,858,5),
	(1614,197,5),
	(1615,912,4),
	(1616,294,2),
	(1617,804,2),
	(1618,2,2),
	(1619,42,3),
	(1620,551,2),
	(1621,785,1),
	(1622,148,4),
	(1623,692,4),
	(1624,147,3),
	(1625,401,2),
	(1626,910,4),
	(1627,532,5),
	(1628,788,4),
	(1629,810,5),
	(1630,161,3),
	(1631,769,5),
	(1632,624,2),
	(1633,122,4),
	(1634,936,4),
	(1635,973,5),
	(1636,610,4),
	(1637,779,5),
	(1638,833,4),
	(1639,554,2),
	(1640,79,2),
	(1641,493,1),
	(1642,838,1),
	(1643,997,5),
	(1644,378,5),
	(1645,845,4),
	(1646,139,4),
	(1647,523,3),
	(1648,121,2),
	(1649,745,1),
	(1650,910,2),
	(1651,147,5),
	(1652,703,3),
	(1653,674,1),
	(1654,879,3),
	(1655,770,4),
	(1656,547,2),
	(1657,460,5),
	(1658,556,4),
	(1659,353,4),
	(1660,967,5),
	(1661,553,3),
	(1662,505,1),
	(1663,747,2),
	(1664,860,4),
	(1665,189,4),
	(1666,559,5),
	(1667,752,1),
	(1668,408,4),
	(1669,415,5),
	(1670,21,4),
	(1671,442,1),
	(1672,591,1),
	(1673,480,5),
	(1674,864,3),
	(1675,439,2),
	(1676,160,2),
	(1677,923,2),
	(1678,724,5),
	(1679,337,4),
	(1680,223,1),
	(1681,27,3),
	(1682,52,1),
	(1683,817,1),
	(1684,481,1),
	(1685,877,1),
	(1686,973,3),
	(1687,418,5),
	(1688,668,1),
	(1689,584,1),
	(1690,857,5),
	(1691,292,1),
	(1692,668,5),
	(1693,580,5),
	(1694,483,5),
	(1695,835,1),
	(1696,285,1),
	(1697,982,2),
	(1698,271,1),
	(1699,396,1),
	(1700,615,2),
	(1701,300,2),
	(1702,907,5),
	(1703,991,4),
	(1704,44,1),
	(1705,241,1),
	(1706,321,1),
	(1707,354,4),
	(1708,366,3),
	(1709,994,1),
	(1710,434,4),
	(1711,967,4),
	(1712,140,1),
	(1713,312,1),
	(1714,964,2),
	(1715,979,2),
	(1716,91,1),
	(1717,875,4),
	(1718,765,5),
	(1719,675,3),
	(1720,453,4),
	(1721,967,2),
	(1722,191,3),
	(1723,981,4),
	(1724,470,1),
	(1725,767,4),
	(1726,652,2),
	(1727,895,3),
	(1728,1000,4),
	(1729,281,5),
	(1730,415,3),
	(1731,83,3),
	(1732,698,4),
	(1733,348,5),
	(1734,318,2),
	(1735,611,4),
	(1736,168,5),
	(1737,81,1),
	(1738,338,2),
	(1739,140,5),
	(1740,600,2),
	(1741,986,1),
	(1742,252,4),
	(1743,121,2),
	(1744,901,5),
	(1745,356,2),
	(1746,625,4),
	(1747,250,5),
	(1748,460,3),
	(1749,806,2),
	(1750,726,4),
	(1751,801,5),
	(1752,916,2),
	(1753,725,5),
	(1754,676,2),
	(1755,539,3),
	(1756,798,4),
	(1757,731,2),
	(1758,477,5),
	(1759,977,5),
	(1760,256,3),
	(1761,228,5),
	(1762,576,5),
	(1763,964,1),
	(1764,961,1),
	(1765,492,2),
	(1766,699,5),
	(1767,54,3),
	(1768,155,2),
	(1769,717,3),
	(1770,895,1),
	(1771,990,3),
	(1772,455,5),
	(1773,648,5),
	(1774,383,1),
	(1775,203,1),
	(1776,994,4),
	(1777,327,2),
	(1778,267,1),
	(1779,250,1),
	(1780,887,3),
	(1781,219,2),
	(1782,607,3),
	(1783,777,4),
	(1784,207,3),
	(1785,692,4),
	(1786,373,1),
	(1787,319,5),
	(1788,3,5),
	(1789,987,3),
	(1790,414,4),
	(1791,121,2),
	(1792,687,5),
	(1793,123,1),
	(1794,794,1),
	(1795,966,4),
	(1796,965,2),
	(1797,672,5),
	(1798,924,5),
	(1799,362,3),
	(1800,498,3),
	(1801,211,4),
	(1802,726,5),
	(1803,730,2),
	(1804,628,3),
	(1805,25,4),
	(1806,84,5),
	(1807,173,2),
	(1808,925,5),
	(1809,489,2),
	(1810,86,1),
	(1811,428,1),
	(1812,22,5),
	(1813,147,4),
	(1814,482,1),
	(1815,808,3),
	(1816,939,1),
	(1817,47,2),
	(1818,357,4),
	(1819,465,2),
	(1820,788,5),
	(1821,906,4),
	(1822,321,1),
	(1823,142,1),
	(1824,568,3),
	(1825,65,5),
	(1826,8,4),
	(1827,6,3),
	(1828,596,2),
	(1829,913,2),
	(1830,406,4),
	(1831,246,1),
	(1832,362,5),
	(1833,712,1),
	(1834,68,1),
	(1835,87,3),
	(1836,342,5),
	(1837,131,1),
	(1838,96,3),
	(1839,318,1),
	(1840,16,5),
	(1841,351,2),
	(1842,240,5),
	(1843,607,1),
	(1844,336,1),
	(1845,955,3),
	(1846,338,5),
	(1847,307,3),
	(1848,988,1),
	(1849,141,3),
	(1850,943,3),
	(1851,760,1),
	(1852,488,5),
	(1853,125,2),
	(1854,233,5),
	(1855,841,3),
	(1856,278,4),
	(1857,421,2),
	(1858,667,3),
	(1859,63,5),
	(1860,420,2),
	(1861,214,3),
	(1862,728,1),
	(1863,400,5),
	(1864,682,5),
	(1865,773,3),
	(1866,43,2),
	(1867,445,1),
	(1868,901,3),
	(1869,660,5),
	(1870,280,5),
	(1871,525,4),
	(1872,968,3),
	(1873,810,4),
	(1874,512,3),
	(1875,812,2),
	(1876,445,1),
	(1877,368,2),
	(1878,23,4),
	(1879,448,1),
	(1880,944,1),
	(1881,961,5),
	(1882,902,5),
	(1883,361,3),
	(1884,982,2),
	(1885,618,3),
	(1886,327,1),
	(1887,391,5),
	(1888,162,2),
	(1889,244,1),
	(1890,530,5),
	(1891,64,3),
	(1892,757,2),
	(1893,461,3),
	(1894,161,3),
	(1895,508,3),
	(1896,648,5),
	(1897,878,4),
	(1898,841,4),
	(1899,77,2),
	(1900,766,4),
	(1901,137,1),
	(1902,962,5),
	(1903,901,5),
	(1904,315,1),
	(1905,445,1),
	(1906,976,1),
	(1907,797,3),
	(1908,413,3),
	(1909,395,2),
	(1910,251,1),
	(1911,412,2),
	(1912,151,1),
	(1913,851,3),
	(1914,311,5),
	(1915,635,4),
	(1916,567,3),
	(1917,266,5),
	(1918,227,1),
	(1919,910,5),
	(1920,722,2),
	(1921,474,5),
	(1922,76,2),
	(1923,347,3),
	(1924,978,1),
	(1925,730,2),
	(1926,906,3),
	(1927,741,5),
	(1928,855,4),
	(1929,66,4),
	(1930,823,3),
	(1931,742,4),
	(1932,799,5),
	(1933,673,4),
	(1934,121,5),
	(1935,565,3),
	(1936,594,5),
	(1937,181,5),
	(1938,208,5),
	(1939,513,1),
	(1940,851,1),
	(1941,240,2),
	(1942,979,4),
	(1943,777,1),
	(1944,650,3),
	(1945,204,2),
	(1946,814,4),
	(1947,467,4),
	(1948,670,2),
	(1949,764,3),
	(1950,262,5),
	(1951,671,3),
	(1952,868,5),
	(1953,39,3),
	(1954,785,1),
	(1955,764,4),
	(1956,555,3),
	(1957,363,4),
	(1958,165,2),
	(1959,757,1),
	(1960,95,2),
	(1961,335,2),
	(1962,417,3),
	(1963,187,2),
	(1964,822,1),
	(1965,284,4),
	(1966,78,3),
	(1967,394,3),
	(1968,556,4),
	(1969,616,1),
	(1970,995,1),
	(1971,59,3),
	(1972,430,4),
	(1973,395,5),
	(1974,464,2),
	(1975,548,4),
	(1976,481,3),
	(1977,184,5),
	(1978,210,4),
	(1979,695,3),
	(1980,493,4),
	(1981,722,2),
	(1982,355,5),
	(1983,435,5),
	(1984,965,4),
	(1985,625,2),
	(1986,717,4),
	(1987,939,1),
	(1988,914,1),
	(1989,438,4),
	(1990,72,2),
	(1991,589,2),
	(1992,713,5),
	(1993,199,1),
	(1994,443,1),
	(1995,997,1),
	(1996,736,3),
	(1997,347,4),
	(1998,177,3),
	(1999,568,2),
	(2000,887,5);

-- 2. Hiển thị thông tin của tất cả nhân viên có trong hệ thống có tên bắt đầu là một trong các
-- ký tự “H”, “T” hoặc “K” và có tối đa 15 kí tự

SET GLOBAL log_bin_trust_function_creators = 1;

delimiter //
CREATE FUNCTION lay_ten (ho_ten VARCHAR(45))
RETURNS VARCHAR (10)
BEGIN
	DECLARE ten VARCHAR(10);
	DECLARE dao_ho_ten VARCHAR(45);
	SELECT REVERSE(ho_ten) INTO dao_ho_ten;
	SELECT REVERSE(LEFT(dao_ho_ten, INSTR(dao_ho_ten, ' ')-1)) INTO ten;
	RETURN ten COLLATE 'utf8mb4_unicode_ci';
END //
delimiter ;

SELECT SUBSTRING_INDEX ('Khuong Tu Thanh',' ',-1);

SELECT SUBSTRING_INDEX ('Khuong Tu Thanh',' ',-2);

SELECT SUBSTRING_INDEX ('Khuong Tu Thanh',' ',-3);

SELECT SUBSTRING_INDEX ('Khuong Tu Thanh',' ',-4);

SELECT lay_ten('Khuong Tu Thanh');

SELECT * FROM nhan_vien
WHERE (lay_ten(ho_ten_nv) COLLATE 'utf8mb4_unicode_ci' LIKE 'T%' 
OR lay_ten(ho_ten_nv) COLLATE 'utf8mb4_unicode_ci' LIKE 'H%' 
OR lay_ten(ho_ten_nv) COLLATE 'utf8mb4_unicode_ci' LIKE 'K%')
AND LENGTH(ho_ten_nv) <=15;

SELECT ASCII (' ');

SELECT CHAR (65);

SELECT INSTR ('Khuong Quoc Phap', ' ');

SELECT LEFT('Khuong Quoc Phap', 6);

-- 3.  Hiển thị thông tin của tất cả khách hàng có độ tuổi từ 18 đến 50 và có địa chỉ ở Đà Nẵng hoặc Quảng Trị

SELECT * FROM khach_hang
WHERE DATEDIFF(CURDATE(),ngay_sinh_kh)/365 >= 18 AND DATEDIFF(CURDATE(),ngay_sinh_kh)/365 <= 50
AND (dia_chi_kh = 'Da Nang' OR dia_chi_kh = 'Quang Tri');

-- 4.	Đếm xem tương ứng với mỗi khách hàng đã từng đặt phòng bao nhiêu lần.
-- Kết quả hiển thị được sắp xếp tăng dần theo số lần đặt phòng của khách hàng.
-- Chỉ đếm những khách hàng nào có Tên loại khách hàng là “Diamond”.

SELECT hd.ma_khach_hang, kh.ho_ten_kh, COUNT(*)
FROM hop_dong AS hd INNER JOIN khach_hang AS kh ON hd.ma_khach_hang = kh.ma_khach_hang
WHERE kh.ma_loai_khach = 1
GROUP BY hd.ma_khach_hang
ORDER BY COUNT(*);

SELECT * FROM hop_dong
WHERE ma_khach_hang = 1;

-- 5.	Hiển thị ma_khach_hang, ho_ten, ten_loai_khach, ma_hop_dong, ten_dich_vu, ngay_lam_hop_dong, ngay_ket_thuc,
-- tong_tien (Với tổng tiền được tính theo công thức như sau: Chi Phí Thuê + Số Lượng * Giá, với Số Lượng và
-- Giá là từ bảng dich_vu_di_kem, hop_dong_chi_tiet) cho tất cả các khách hàng đã từng đặt phòng.
-- (những khách hàng nào chưa từng đặt phòng cũng phải hiển thị ra).

SELECT kh.ma_khach_hang, kh.ho_ten_kh, lk.ten_loai_khach, hd.ma_hop_dong, dv.ten_dich_vu, hd.ngay_lam_hop_dong,
	hd.ngay_ket_thuc, SUM(dvdk.gia) + dv.chi_phi_thue
FROM ((((hop_dong_chi_tiet hdct INNER JOIN hop_dong hd ON hdct.ma_hop_dong = hd.ma_hop_dong)
INNER JOIN dich_vu_di_kem dvdk ON hdct.ma_dich_vu_di_kem = dvdk.ma_dich_vu_di_kem)
INNER JOIN dich_vu dv ON hd.ma_dich_vu = dv.ma_dich_vu)
RIGHT OUTER JOIN khach_hang kh ON hd.ma_khach_hang = kh.ma_khach_hang)
INNER JOIN loai_khach lk ON kh.ma_loai_khach = lk.ma_loai_khach
GROUP BY kh.ma_khach_hang, hd.ma_hop_dong;

SELECT hd.ma_hop_dong, kh.ma_khach_hang, SUM(dvdk.gia) + dv.chi_phi_thue AS tong
FROM ((((hop_dong_chi_tiet hdct INNER JOIN hop_dong hd ON hdct.ma_hop_dong = hd.ma_hop_dong)
INNER JOIN dich_vu_di_kem dvdk ON hdct.ma_dich_vu_di_kem = dvdk.ma_dich_vu_di_kem)
INNER JOIN dich_vu dv ON hd.ma_dich_vu = dv.ma_dich_vu)
INNER JOIN khach_hang kh ON hd.ma_khach_hang = kh.ma_khach_hang)
INNER JOIN loai_khach lk ON kh.ma_loai_khach = lk.ma_loai_khach
GROUP BY hd.ma_hop_dong, kh.ma_khach_hang;

SELECT * FROM khach_hang;

-- 6.	Hiển thị ma_dich_vu, ten_dich_vu, dien_tich, chi_phi_thue, ten_loai_dich_vu của tất cả các loại dịch vụ
-- chưa từng được khách hàng thực hiện đặt từ quý 1 của năm 2021 (Quý 1 là tháng 1, 2, 3)

SELECT dv.ma_dich_vu, dv.ten_dich_vu, dv.dien_tich, dv.chi_phi_thue, ldv.ten_loai_dich_vu
FROM dich_vu dv INNER JOIN loai_dich_vu ldv ON dv.ma_loai_dich_vu = ldv.ma_loai_dich_vu
WHERE dv.ma_dich_vu NOT IN (
SELECT hd.ma_dich_vu
FROM hop_dong hd
WHERE DATEDIFF(hd.ngay_lam_hop_dong,'2021-1-1')>=0)
GROUP BY dv.ma_dich_vu;

-- 7.	Hiển thị thông tin ma_dich_vu, ten_dich_vu, dien_tich, so_nguoi_toi_da, chi_phi_thue, ten_loai_dich_vu
-- của tất cả các loại dịch vụ đã từng được khách hàng đặt phòng trong năm 2020 nhưng chưa từng được khách hàng đặt
-- phòng trong năm 2021

SELECT dv.ma_dich_vu, dv.ten_dich_vu, dv.dien_tich, dv.so_nguoi_toi_da, dv.chi_phi_thue, ldv.ten_loai_dich_vu
FROM (dich_vu dv INNER JOIN loai_dich_vu ldv ON dv.ma_loai_dich_vu = ldv.ma_loai_dich_vu)
INNER JOIN hop_dong hd ON dv.ma_dich_vu = hd.ma_dich_vu
WHERE dv.ma_dich_vu NOT IN (
SELECT hd.ma_dich_vu
FROM hop_dong hd
WHERE DATEDIFF (hd.ngay_lam_hop_dong, '2021-1-1') >= 0)
AND DATEDIFF (hd.ngay_lam_hop_dong, '2020-1-1') >= 0
AND DATEDIFF (hd.ngay_lam_hop_dong, '2020-12-31') <= 0;

-- 8.	Hiển thị thông tin ho_ten khách hàng có trong hệ thống, với yêu cầu ho_ten không trùng nhau
-- Cách 1: Sử dụng GROUP BY
SELECT ho_ten_kh FROM khach_hang
GROUP BY ho_ten_kh;

-- Cách 2: Sử dụng DISTINCT
SELECT DISTINCT ho_ten_kh FROM khach_hang;

-- Cách 3: Sử dụng UNION
SELECT ho_ten_kh FROM khach_hang
UNION
SELECT ho_ten_kh FROM khach_hang

-- 9.	Thực hiện thống kê doanh thu theo tháng, nghĩa là tương ứng với mỗi tháng trong năm 2021 thì sẽ có bao nhiêu
-- khách hàng thực hiện đặt phòng

SELECT MONTH (ngay_lam_hop_dong) AS "thang (2021)", SUM(dv.chi_phi_thue) + SUM(dvdk.gia) AS "Doanh thu"
FROM ((hop_dong_chi_tiet hdct INNER JOIN hop_dong hd ON hdct.ma_hop_dong = hd.ma_hop_dong)
INNER JOIN dich_vu dv ON hd.ma_dich_vu = dv.ma_dich_vu)
INNER JOIN dich_vu_di_kem dvdk ON hdct.ma_dich_vu_di_kem = dvdk.ma_dich_vu_di_kem
WHERE YEAR (ngay_lam_hop_dong) = 2021
GROUP BY MONTH (ngay_lam_hop_dong)
ORDER BY MONTH(ngay_lam_hop_dong);

-- 10. Hiển thị thông tin tương ứng với từng hợp đồng thì đã sử dụng bao nhiêu dịch vụ đi kèm. Kết quả hiển thị
-- bao gồm ma_hop_dong, ngay_lam_hop_dong, ngay_ket_thuc, tien_dat_coc, so_luong_dich_vu_di_kem (được tính dựa trên
-- việc sum so_luong ở dich_vu_di_kem)

SELECT hd.ma_hop_dong, hd.ngay_lam_hop_dong, hd.ngay_ket_thuc, hd.tien_dat_coc, COUNT(hdct.ma_dich_vu_di_kem) AS "So luong DVDK"
FROM hop_dong_chi_tiet hdct RIGHT JOIN hop_dong hd ON hdct.ma_hop_dong = hd.ma_hop_dong
GROUP BY hd.ma_hop_dong
ORDER BY COUNT(hdct.ma_dich_vu_di_kem);

-- 11. Hiển thị thông tin các dịch vụ đi kèm đã được sử dụng bởi những khách hàng có ten_loai_khach là “Diamond”
-- và có dia_chi ở “Vinh” hoặc “Quảng Ngãi”

SELECT dvdk.ten_dich_vu_di_kem, kh.ho_ten_kh, kh.dia_chi_kh, lk.ten_loai_khach
FROM (((hop_dong_chi_tiet hdct INNER JOIN dich_vu_di_kem dvdk ON hdct.ma_dich_vu_di_kem = dvdk.ma_dich_vu_di_kem)
INNER JOIN hop_dong hd ON hdct.ma_hop_dong = hd.ma_hop_dong)
INNER JOIN khach_hang kh ON hd.ma_khach_hang = kh.ma_khach_hang)
INNER JOIN loai_khach lk ON kh.ma_loai_khach = lk.ma_loai_khach
WHERE lk.ten_loai_khach = "Diamond"
AND (kh.dia_chi_kh = "Nghe An" OR kh.dia_chi_kh = "Quang Ngai");

-- 12. Hiển thị thông tin ma_hop_dong, ho_ten (nhân viên), ho_ten (khách hàng), so_dien_thoai (khách hàng), ten_dich_vu,
-- so_luong_dich_vu_di_kem (được tính dựa trên việc sum so_luong ở dich_vu_di_kem), tien_dat_coc của tất cả các dịch vụ
-- đã từng được khách hàng đặt vào 3 tháng cuối năm 2020 nhưng chưa từng được khách hàng đặt vào 6 tháng đầu năm 2021

SELECT hd.ma_hop_dong, nv.ho_ten_nv, kh.ho_ten_kh, kh.so_dien_thoai_kh, dv.ten_dich_vu, hd.ngay_lam_hop_dong,
	COUNT(hdct.ma_dich_vu_di_kem) AS 'so luong dvdk', hd.tien_dat_coc
FROM ((((hop_dong_chi_tiet hdct RIGHT JOIN hop_dong hd ON hdct.ma_hop_dong = hd.ma_hop_dong)
LEFT JOIN dich_vu_di_kem dvdk ON hdct.ma_dich_vu_di_kem = dvdk.ma_dich_vu_di_kem)
INNER JOIN dich_vu dv ON hd.ma_dich_vu = dv.ma_dich_vu)
INNER JOIN khach_hang kh ON hd.ma_khach_hang = kh.ma_khach_hang)
INNER JOIN nhan_vien nv ON hd.ma_nhan_vien = nv.ma_nhan_vien
WHERE hd.ma_hop_dong IN (
SELECT hd.ma_hop_dong
FROM hop_dong hd
WHERE DATEDIFF(hd.ngay_lam_hop_dong, "2020-10-1") > 0 AND DATEDIFF(hd.ngay_lam_hop_dong, "2020-12-31") < 0)
AND hd.ma_hop_dong NOT IN (
SELECT hd.ma_hop_dong
FROM hop_dong hd
WHERE DATEDIFF(hd.ngay_lam_hop_dong, "2021-1-1") > 0 AND DATEDIFF(hd.ngay_lam_hop_dong, "2020-6-30")< 0)
GROUP BY hd.ma_hop_dong;

-- 13. Hiển thị thông tin các Dịch vụ đi kèm được sử dụng nhiều nhất bởi các Khách hàng đã đặt phòng
-- (Lưu ý là có thể có nhiều dịch vụ có số lần sử dụng nhiều như nhau)

SELECT dvdk.ma_dich_vu_di_kem, dvdk.ten_dich_vu_di_kem, COUNT(hdct.ma_hop_dong_chi_tiet) AS "So lan duoc su dung"
FROM hop_dong_chi_tiet hdct INNER JOIN dich_vu_di_kem dvdk ON hdct.ma_dich_vu_di_kem = dvdk.ma_dich_vu_di_kem
GROUP BY hdct.ma_dich_vu_di_kem
ORDER BY COUNT(dvdk.ma_dich_vu_di_kem) DESC;

-- 14. Hiển thị thông tin tất cả các Dịch vụ đi kèm chỉ mới được sử dụng một lần duy nhất. Thông tin hiển thị bao gồm
-- ma_hop_dong, ten_loai_dich_vu, ten_dich_vu_di_kem, so_lan_su_dung (được tính dựa trên việc count các ma_dich_vu_di_kem)
-- (Hỏi lại đề bài câu này)

SELECT hd.ma_hop_dong, ldv.ten_loai_dich_vu, dvdk.ten_dich_vu_di_kem, COUNT(dvdk.ma_dich_vu_di_kem)
FROM (((hop_dong_chi_tiet hdct INNER JOIN dich_vu_di_kem dvdk ON hdct.ma_dich_vu_di_kem = dvdk.ma_dich_vu_di_kem)
INNER JOIN hop_dong hd ON hd.ma_hop_dong = hdct.ma_hop_dong)
INNER JOIN dich_vu dv ON hd.ma_dich_vu = dv.ma_dich_vu)
INNER JOIN loai_dich_vu ldv ON dv.ma_loai_dich_vu = ldv.ma_loai_dich_vu
WHERE dvdk.ma_dich_vu_di_kem IN (
SELECT dvdk.ma_dich_vu_di_kem
FROM hop_dong_chi_tiet hdct INNER JOIN dich_vu_di_kem dvdk ON hdct.ma_dich_vu_di_kem = dvdk.ma_dich_vu_di_kem
GROUP BY dvdk.ma_dich_vu_di_kem
HAVING COUNT(dvdk.ma_dich_vu_di_kem) = 1)
GROUP BY dvdk.ten_dich_vu_di_kem, hd.ma_hop_dong, ldv.ma_loai_dich_vu;


-- 15. Hiển thị thông tin của tất cả nhân viên bao gồm ma_nhan_vien, ho_ten, ten_trinh_do, ten_bo_phan, so_dien_thoai,
-- dia_chi mới chỉ lập được tối đa 3 (10) hợp đồng từ năm 2020 đến 2021

SELECT nv.ma_nhan_vien, nv.ho_ten_nv, td.ten_trinh_do, bp.ma_bo_phan, nv.so_dien_thoai_nv,
	nv.dia_chi_nv, COUNT(hd.ma_nhan_vien) AS 'so hop dong lap'
FROM ((hop_dong hd INNER JOIN nhan_vien nv ON hd.ma_nhan_vien = nv.ma_nhan_vien)
INNER JOIN trinh_do td ON nv.ma_trinh_do = td.ma_trinh_do)
INNER JOIN bo_phan bp ON nv.ma_bo_phan = bp.ma_bo_phan
GROUP BY hd.ma_nhan_vien
HAVING COUNT(hd.ma_nhan_vien) <= 10;

-- 16. Xóa những Nhân viên chưa từng lập được hợp đồng nào từ năm 2019 đến năm 2021

CREATE TEMPORARY TABLE bang_tam_nhan_vien (
	ma_nhan_vien_tam INT);

INSERT INTO bang_tam_nhan_vien (ma_nhan_vien_tam)
SELECT hd.ma_nhan_vien FROM hop_dong hd
WHERE DATEDIFF(hd.ngay_lam_hop_dong,'2019-1-1') >= 0
AND DATEDIFF(hd.ngay_lam_hop_dong,'2021-12-31') <= 0;

SELECT * FROM bang_tam_nhan_vien;

DELETE FROM hop_dong_chi_tiet hdct
WHERE hdct.ma_hop_dong NOT IN (
SELECT hd.ma_hop_dong FROM hop_dong hd
WHERE DATEDIFF(hd.ngay_lam_hop_dong,'2019-1-1') >= 0
AND DATEDIFF(hd.ngay_lam_hop_dong,'2021-12-31') <= 0);

DELETE FROM hop_dong hd
WHERE DATEDIFF(hd.ngay_lam_hop_dong,'2019-1-1') < 0
OR DATEDIFF(hd.ngay_lam_hop_dong,'2021-12-31') > 0;

DELETE FROM nhan_vien nv
WHERE nv.ma_nhan_vien NOT IN (
SELECT * FROM bang_tam_nhan_vien);

DROP TABLE bang_tam_nhan_vien;

SELECT * FROM nhan_vien;

-- 17. Cập nhật thông tin những khách hàng có ten_loai_khach từ Platinum lên Diamond, chỉ cập nhật những khách hàng
-- đã từng đặt phòng với Tổng Tiền thanh toán trong năm 2021 là lớn hơn 10.000.000 VNĐ.

SELECT * FROM khach_hang kh
WHERE kh.ma_khach_hang IN (
SELECT hd.ma_khach_hang
FROM ((hop_dong_chi_tiet hdct INNER JOIN hop_dong hd ON hdct.ma_hop_dong = hd.ma_hop_dong)
INNER JOIN dich_vu_di_kem dvdk ON hdct.ma_dich_vu_di_kem = dvdk.ma_dich_vu_di_kem)
INNER JOIN dich_vu dv ON hd.ma_dich_vu = dv.ma_dich_vu
GROUP BY hd.ma_khach_hang, hd.ngay_lam_hop_dong
HAVING DATEDIFF(hd.ngay_lam_hop_dong, '2021-1-1') >= 0
AND DATEDIFF(hd.ngay_lam_hop_dong, '2021-12-31') <= 0
AND SUM(dv.chi_phi_thue) + SUM(dvdk.gia) > 10000000)
AND (kh.ma_loai_khach = 1 OR kh.ma_loai_khach = 2);

-- 18. Xóa những khách hàng có hợp đồng trước năm 2021 (chú ý ràng buộc giữa các bảng)

DELETE FROM hop_dong_chi_tiet hdct
WHERE hdct.ma_hop_dong IN (
SELECT hd.ma_hop_dong FROM hop_dong hd
WHERE DATEDIFF(hd.ngay_lam_hop_dong, '2021-1-1') < 0);

DELETE FROM hop_dong hd
WHERE DATEDIFF(hd.ngay_lam_hop_dong, '2021-1-1') < 0;

DELETE FROM khach_hang kh
WHERE kh.ma_khach_hang NOT IN (
SELECT hd.ma_khach_hang
FROM hop_dong hd
WHERE DATEDIFF(hd.ngay_lam_hop_dong, '2021-1-1') >= 0);

-- 19. Cập nhật giá cho các dịch vụ đi kèm được sử dụng tối thiểu 40 lần trong năm 2021 lên gấp đôi

CREATE TEMPORARY TABLE bang_tam_dich_vu_di_kem (
	ma_dich_vu_tam INT);
	
INSERT INTO bang_tam_dich_vu_di_kem (ma_dich_vu_tam)
SELECT dvdk.ma_dich_vu_di_kem
FROM (hop_dong_chi_tiet hdct INNER JOIN dich_vu_di_kem dvdk ON hdct.ma_dich_vu_di_kem = dvdk.ma_dich_vu_di_kem)
INNER JOIN hop_dong hd ON hdct.ma_hop_dong = hd.ma_hop_dong
WHERE DATEDIFF(hd.ngay_lam_hop_dong, '2021-1-1') >= 0
AND DATEDIFF(hd.ngay_lam_hop_dong, '2021-12-31') <= 0
GROUP BY dvdk.ma_dich_vu_di_kem
HAVING COUNT(dvdk.ma_dich_vu_di_kem) >= 40;

SELECT * FROM bang_tam_dich_vu_di_kem;

UPDATE dich_vu_di_kem dvdk
SET dvdk.gia = 2 * dvdk.gia
WHERE dvdk.ma_dich_vu_di_kem IN (
SELECT * FROM bang_tam_dich_vu_di_kem);

SELECT * FROM dich_vu_di_kem;

SELECT dvdk.ma_dich_vu_di_kem, COUNT(dvdk.ma_dich_vu_di_kem)
FROM (hop_dong_chi_tiet hdct INNER JOIN hop_dong hd ON hdct.ma_hop_dong = hd.ma_hop_dong)
INNER JOIN dich_vu_di_kem dvdk ON hdct.ma_dich_vu_di_kem = dvdk.ma_dich_vu_di_kem
WHERE DATEDIFF(hd.ngay_lam_hop_dong, '2021-1-1') >= 0
AND DATEDIFF(hd.ngay_lam_hop_dong, '2021-12-31') <= 0
GROUP BY dvdk.ma_dich_vu_di_kem;

-- 20. Hiển thị thông tin của tất cả các nhân viên và khách hàng có trong hệ thống, thông tin hiển thị bao gồm
-- id (ma_nhan_vien, ma_khach_hang), ho_ten, email, so_dien_thoai, ngay_sinh, dia_chi

SELECT kh.ma_khach_hang AS 'ID', kh.ho_ten_kh AS 'Ho ten', kh.email_kh AS 'Email', kh.so_dien_thoai_kh AS 'SDT', kh.ngay_sinh_kh AS 'Ngay sinh', kh.dia_chi_kh AS 'Dia chi'
FROM khach_hang kh
UNION
SELECT nv.ma_nhan_vien, nv.ho_ten_nv, nv.email_nv, nv.so_dien_thoai_nv, nv.ngay_sinh_nv, nv.dia_chi_nv
FROM nhan_vien nv;